,,,,,,,,,,,,,,,,,,,,,,,,,,,,,,,,,,,,
,,,,,,Stock Levels,,,,,,,,,,,,,,,,,,,,,,,,,,,,,,
,,,,,,,,,,,,,,,,,,,,,,,,,,,,,,,,,,,,
,,,,,,,,,,,,,,,,,,,,,,,,,,,,,,,,,,,,
,,,,,,,,,,,,,,,,,,,,,,,,,,,,,,,,,,,,
,,,,,,,,,,,,,,,,,,,,,,,,,,,,,,,,,,,,
,,,,,,,,,,,,,,,,,,,,,,,,,,,,,,,,,,,,
,,,,,,,,,,,,,,,,,,,,,,,,,,,,,,,,,,,,
,,,,,,,,,,,,,,,,,,,,,,,,,,,,,,,,,,,,
,,,,,,,,,,,,,,,,,,,,,,,,,,,,,,,,,,,,
,,,,,,,,,,,,,,,,,,,,,,,,,,,,,,,,,,,,
,,,,,,,,,,,,,,,,,,,,,,,,,,,,,,,,,,,,
,,,,,,,,,,,,,,,,,,,,,,,,,,,,,,,,,,,,
,,,,,,,,,,,,,,,,,,,,,,,,,,,,,,,,,,,,
,,,,,,,,,,,,,,,,,,,,,,,,,,,,,,,,,,,,
,,,,,,,,,,,,,,,,,,,,,,,,,,,,,,,,,,,,
,,,,,,,,,,,,,,,,,,,,,,,,,,,,,,,,,,,,
,,,,,,,,,,,,,,,,,,,,,,,,,,,,,,,,,,,,
,,,,,,,,,,,,,,,,,,,,,,,,,,,,,,,,,,,,
,,,,,,,,,,,,,,,,,,,,,,,,,,,,,,,,,,,,
,,,,,,,,,,,,,,,,,,,,,,,,,,,,,,,,,,,,
,,,,,,,,,,,,,,,,,,,,,,,,,,,,,,,,,,,,
,,,,,,,,,,,,,,,,,,,,,,,,,,,,,,,,,,,,
,,,,,,,,,,,,,,,,,,,,,,,,,,,,,,,,,,,,
,,,,,,,,,,,,,,,,,,,,,,,,,,,,,,,,,,,,
,,,,,,,,,,,,,,,,,,,,,,,,,,,,,,,,,,,,
,,,,,,,,,,,,,,,,,,,,,,,,,,,,,,,,,,,,
,,,,,,,,,,,,,,,,,,,,,,,,,,,,,,,,,,,,
,,,,,,,,,,,,,,,,,,,,,,,,,,,,,,,,,,,,
,,,,,,,,,,,,,,,,,,,,,,,,,,,,,,,,,,,,
,,,,,,,,,,,,,,,,,,,,,,,,,,,,,,,,,,,,
,,,,,,,,,,,,,,,,,,,,,,,,,,,,,,,,,,,,
,,,,,,,,,,,,,,,,,,,,,,,,,,,,,,,,,,,,
,,,,,,,,,,,,,,,,,,,,,,,,,,,,,,,,,,,,
,,,,,,Order Trends,,,,,,,,,,,,,,,,,,,,,,,,,,,,,,
,,,,,,,,,,,,,,,,,,,,,,,,,,,,,,,,,,,,
,,,,,,,,,Agra,,,,,,,,,,,,,,,,,,,,,,,,,,,
,,,,,,,,,Zone,AGA,,Top 10 Product Sold,Revenue,,,,,,,,,,,,,,,,,,,,,,,
,,,,,,,,Category,Total Orders Placed,Total Revenue,,Colgate Potato (250g),"₹6,775.20",,,,,,,,,,,,,,,,,,,,,,,
,,,,,,,,Bath Essentials,8,"₹3,029.92",,Dove Toffee (2kg),"₹5,324.28",,,,,,,,,,,,,,,,,,,,,,,
,,,,,,,,Beverages,1,₹176.97,,Daawat Nachos (500g),"₹5,314.10",,,,,,,,,,,,,,,,,,,,,,,
,,,,,,,,Confectionery,42,"₹14,219.22",,Dettol Gum (250g),"₹5,090.76",,,,,,,,,,,,,,,,,,,,,,,
,,,,,,,,Dairy,18,"₹5,930.64",,Parle Paneer (1L),"₹4,250.00",,,,,,,,,,,,,,,,,,,,,,,
,,,,,,,,Desserts,10,"₹1,980.30",,Daawat Wheat Flour (2kg),"₹3,357.12",,,,,,,,,,,,,,,,,,,,,,,
,,,,,,,,Fruits,27,"₹5,077.53",,Amul Soup (1kg),"₹3,044.34",,,,,,,,,,,,,,,,,,,,,,,
,,,,,,,,Grains,41,"₹8,215.32",,Nestle Shampoo (1kg),"₹3,029.92",,,,,,,,,,,,,,,,,,,,,,,
,,,,,,,,Meat,15,₹671.55,,Kwality Walls Vitamin C (250g),"₹2,979.68",,,,,,,,,,,,,,,,,,,,,,,
,,,,,,,,Packed Foods,45,"₹7,619.57",,Patanjali Potato (1L),"₹2,925.63",,,,,,,,,,,,,,,,,,,,,,,
,,,,,,,,Personal Care,17,"₹2,008.69",,Dove Gum (250g),"₹2,357.88",,,,,,,,,,,,,,,,,,,,,,,
,,,,,,,,Pharma,8,"₹2,979.68",,Kwality Walls Banana (500g),"₹2,342.70",,,,,,,,,,,,,,,,,,,,,,,
,,,,,,,,Snacks,11,"₹5,314.10",,Britannia Corn (250g),"₹1,859.83",,,,,,,,,,,,,,,,,,,,,,,
,,,,,,,,Vegetables,26,"₹10,163.71",,Dove Soup (250g),"₹1,806.60",,,,,,,,,,,,,,,,,,,,,,,
,,,,,,,,Grand Total,269,"₹67,387.20",,Top Customer with Orders,,,,,,,,,,,,,,,,,,,,,,,,
,,,,,,,,,,,,Tassadul Chattopadhyay,15,,,,,,,,,,,,,,,,,,,,,,,
,,,,,,,,,,,,,,,,,,,,,,,,,,,,,,,,,,,,
,,,,,,,,,,,,,,,,,,,,,,,,,,,,,,,,,,,,
,,,,,,,,,,,,,,,,,,,,,,,,,,,,,,,,,,,,
,,,,,,,,,,,,,,,,,,,,,,,,,,,,,,,,,,,,
,,,,,,,,,,,,,,,,,,,,,,,,,,,,,,,,,,,,
,Top Products,,,,,,,,,,,,,,,,,,,,,,,,,,,,,,,,,,,
,Product Name,Category,Number of Orders,Revenue,,,,,,,,,,,,,,,,,,,,,,,,,,,,,,,,
,Haldiram's Croissant (1L),Bakery,32,"₹10,762.56",,,,,,,,,,,,,,,,,,,,,,,,,,,,,,,,
,Lipton Chocolate (1L),Confectionery,24,"₹10,604.38",,,,,,,,,,,,,,,,,,,,,,,,,,,,,,,,
,Aashirvaad Corn (1kg),Grains,37,"₹8,791.39",,,,,,,,,,,,,,,,,,,,,,,,,,,,,,,,
,Britannia Beef (1kg),Meat,22,"₹8,767.74",,,,,,,,,,,,,,,,,,,,,,,,,,,,,,,,
,Daawat Nachos (500g),Snacks,18,"₹8,714.21",,,,,,,,,,,,,,,,,,,,,,,,,,,,,,,,
,,,,,,,,,,,,,,,,,,,,,,,,,,,,,,,,,,,,
,,,,,,,,,,,,,,,,,,,,,,,,,,,,,,,,,,,,
,,,,,,,,,,,,,,,,,,,,,,,,,,,,,,,,,,,,
,,,,,,,,,,,,,,,,,,,,,,,,,,,,,,,,,,,,
,,,,,,,,,,,,,,,,,,,,,,,,,,,,,,,,,,,,
,,,,,,,,,,,,,,,,,,,,,,,,,,,,,,,,,,,,
,,,,,,,,,,,,,,,,,,,,,,,,,,,,,,,,,,,,
,,,,,,,,,,,,,,,,,,,,,,,,,,,,,,,,,,,,
,,,,,,,,,,,,,,,,,,,,,,,,,,,,,,,,,,,,
,,,,,,,,,,,,,,,,,,,,,,,,,,,,,,,,,,,,
,,,,,,,,,,,,,,,,,,,,,,,,,,,,,,,,,,,,
,,,,,,,,,,,,,,,,,,,,,,,,,,,,,,,,,,,,
,,,,,,,,,,,,,,,,,,,,,,,,,,,,,,,,,,,,
,,,,,,,,,,,,,,,,,,,,,,,,,,,,,,,,,,,,
,,,,,,,,,,,,,,,,,,,,,,,,,,,,,,,,,,,,
,,,,,,,,,,,,,,,,,,,,,,,,,,,,,,,,,,,,
,,,,,,,,,,,,,,,,,,,,,,,,,,,,,,,,,,,,
ProductName,ProductID,Quantity,ReorderLevel,,Status,OrderCount,,WarehouseID,UtilizationPercentage,Agra,Werehouse,Total Capacity,Current Utilization,,COUNTA of Category,Perishable,,,product name,SUM of Total Expenditure,,Customer Name,SUM of Quantity,,Status,SUM of Quantity,,SUM of Total Expenditure,,Cities,SUM of Total Expenditure,,product name,Category,SUM of Quantity,SUM of Total Expenditure
Amul Chicken (1kg),WUM-WUM-722,53,77,,Delivered,617,,ABD-1486,58.32536,Ahamdabad,Lucknow,75649,26448,,Category,0,1,,Colgate Potato (250g),6775.2,,Tassadul Chattopadhyay,15,,Delivered,171,,2106984.47,,Lucknow,135217.46,,Haldiram's Croissant (1L),Bakery,32,10762.56
Nestle Popcorn (1kg),GLC-GLC-648,68,71,,Pending,265,,ABD-1769,40.19293,Amritsar,Rajkot,136028,49568,,Bakery,67,,,Dove Toffee (2kg),5324.28,,Sri Dandale,15,,Pending,53,,,,Dehradun,112760.42,,Lipton Chocolate (1L),Confectionery,24,10604.38
Nestle Popcorn (1kg),FZK-FZK-719,99,104,,Cancelled,118,,ABD-1892,46.73088,Bangalore,Amritsar,129312,47699,,Bath Essentials,72,,,Daawat Nachos (500g),5314.1,,Rajinder Dubey,15,,Cancelled,45,,,,Delhi,109489.51,,Aashirvaad Corn (1kg),Grains,37,8791.39
Lipton Cereal (2kg),LRK-LRK-814,86,88,,,,,ABD-2431,6.79739,Bhopal,Ghaziabad,131737,51142,,Beverages,78,,,Dettol Gum (250g),5090.76,,Naseeba Hingorani,15,,,,,,,Varanasi,106951.63,,Britannia Beef (1kg),Meat,22,8767.74
Dettol Cake (2kg),UPE-UPE-655,67,109,,Perishable,334,,ABD-2434,75.6734,Bhuwneswar,Thane,106709,52699,,Confectionery,76,,,Parle Paneer (1L),4250,,Virender Atrey,13,,,,,,,Gurugram,106540.66,,Daawat Nachos (500g),Snacks,18,8714.21
Nestle Popcorn (1kg),GDC-GDC-646,78,83,,Non Perishable,664,,ABD-2500,18.10811,Chennai,Hydrabad,105970,39989,,Dairy,,60,,Daawat Wheat Flour (2kg),3357.12,,Tiwankle Bika,13,,,,,,,Thane,102782.19,,Patanjali Banana (1kg),Fruits,23,8712.68
Nestle Popcorn (1kg),GKZ-GKZ-517,100,100,,,,,ABD-2669,12.93279,Dehradun,Chennai,111457,36754,,Desserts,,71,,Amul Soup (1kg),3044.34,,Vinita Baid,12,,,,,,,Indore,98444.17,,Dettol Apple (250g),Fruits,28,8547.7
Lipton Cereal (2kg),MHF-MHF-676,93,100,,,,,ABD-3955,27.02154,Delhi,Mumbai,101260,38208,,Fruits,,78,,Nestle Shampoo (1kg),3029.92,,Gulfsal Nene,12,,,,,,,Jaipur,91019.68,,Lays Milk (1L),Dairy,23,8404.61
Dettol Bun (2kg),ORA-ORA-151,65,106,,,,,ABD-4090,12.5,Ghaziabad,Noida,91667,36431,,Grains,77,,,Kwality Walls Vitamin C (250g),2979.68,,Faizudeen Pimparkar,12,,,,,,,Kolkata,89995.62,,Dettol Nachos (1L),Snacks,20,8391.81
Nestle Deodorant (1kg),DGI-DGI-792,66,66,,,,,ABD-4173,48.01325,Gorakhpur,Pune,115806,44349,,Meat,,59,,Patanjali Potato (1L),2925.63,,Devasish Purohit,12,,,,,,,Ghaziabad,88820.27,,Haldiram's Mango (2kg),Fruits,26,8090.29
Lipton Cereal (2kg),MTT-MTT-203,96,98,,,,,ABD-4328,44.6702,Gurugram,Dehradun,101807,38093,,Packed Foods,70,,,Dove Gum (250g),2357.88,,Viren Atri,11,,,,,,,Chennai,85284.07,,Cadbury Cheese (1L),Dairy,21,7810.11
Nestle Popcorn (1kg),EPB-EPB-690,52,64,,,,,ABD-4451,37.67606,Hydrabad,Bhuwneswar,131999,50196,,Personal Care,75,,,Kwality Walls Banana (500g),2342.7,,Tosif Bhavsar,10,,,,,,,Bhopal,85283.39,,Dettol Bread (500g),Bakery,15,7491.15
Kwality Walls Fish (500g),QBB-QBB-108,57,90,,,,,ABD-4772,19.86806,Indore,Surat,113166,44396,,Pharma,77,,,Britannia Corn (250g),1859.83,,Riyajuddin Advani,10,,,,,,,Noida,83334.08,,Colgate Bread (500g),Bakery,16,7430.18
Nestle Deodorant (1kg),CBP-CBP-596,58,90,,,,,ABD-5010,56.96656,Jaipur,Jaipur,109716,44654,,Snacks,74,,,Dove Soup (250g),1806.6,,Ritika Agvan,10,,,,,,,Hydrabad,82255.58,,Dove Bread (1L),Bakery,20,7349.43
Amul Chicken (1kg),VUY-VUY-339,58,96,,,,,ABD-5177,28.79402,Kolkata,Gurugram,109496,38537,,Vegetables,,66,,Lipton Razor (1kg),1725.15,,Pancham Gopalan,9,,,,,,,Surat,79517.94,,Daawat Barley (1kg),Grains,20,7234.06
Amul Chicken (1kg),VOG-VOG-715,74,89,,,,,ABD-5570,16.13191,Lucknow,Kolkata,79211,31560,,,,,,Lays Soup (1kg),1708.35,,Ghaseeta Pandher,9,,,,,,,Patna,77045.61,,Nescafe Banana (1L),Fruits,15,7220.4
Dove Popcorn (1kg),ZEY-ZEY-240,51,105,,,,,ABD-5695,46.05414,Mumbai,Agra,117778,43631,,,,,,Daawat Paneer (500g),1680.64,,Tulcharam Bhakri,8,,,,,,,Bangalore,74403.49,,Amul Cheese (1L),Dairy,15,7197.3
Lipton Cereal (2kg),LFX-LFX-096,65,106,,,,,ABD-5732,41.7717,Noida,Bangalore,83592,35124,,,,,,Haldiram's Mango (2kg),1638.39,,Sowar Dasgupta,8,,,,,,,Bhuwneswar,73617.09,,Dove Wheat Flour (1L),Grains,15,7135.5
Nestle Deodorant (1kg),CVY-CVY-742,95,106,,,,,ABD-6451,27.4807,Patna,Ahamdabad,102702,36222,,,,,,Patanjali Ice Cream (1kg),1626.66,,Pabitra Gurnani,8,,,,,,,Amritsar,71530.07,,Lays Carrot (500g),Vegetables,18,7125.56
Kwality Walls Fish (500g),RFK-RFK-504,61,94,,,,,ABD-6601,23.77685,Pune,Patna,99067,39257,,,,,,Lipton Toffee (1L),1446.3,,Fahim Potdar,8,,,,,,,Agra,67387.2,,Cadbury Deodorant (1L),Personal Care,15,7103.25
Lipton Cereal (2kg),NMZ-NMZ-786,55,80,,,,,ABD-6970,55.76923,Rajkot,Delhi,71297,31384,,,,,,Patanjali Barley (250g),1409.2,,Tasveeran Chatterjee,7,,,,,,,Pune,63200.97,,Haldiram's Cake Mix (1kg),Desserts,20,7019.24
Nestle Deodorant (1kg),BTR-BTR-309,77,80,,,,,ABD-6981,27.10793,Surat,Gorakhpur,133164,53063,,,,,,Dettol Banana (250g),1096.44,,Kalwati Kulkarni,6,,,,,,,Mumbai,61262.88,,Kwality Walls Mouthwash (2kg),Personal Care,27,7011.33
Nestle Deodorant (1kg),DUZ-DUZ-202,65,102,,,,,ABD-7255,64.5202,Thane,Bhopal,103915,40212,,,,,,Colgate Barley (1L),1017.4,,Jankidas Mattu,6,,,,,,,Rajkot,59556.54,,Aashirvaad Milk (1kg),Dairy,15,6949.95
Kwality Walls Fish (500g),QFJ-QFJ-249,93,106,,,,,ABD-7365,45.43775,Varanasi,Varanasi,142790,53567,,,,,,Colgate Fish (250g),671.55,,Chetna Sahu,6,,,,,,,Ahamdabad,55677.32,,Aashirvaad Antacid (250g),Pharma,15,6902.55
Nestle Popcorn (1kg),HEU-HEU-868,66,67,,,,,ABD-7569,57.67502,,Indore,102930,36239,,,,,,Lipton Barley (2kg),512.9,,Tolaram Bhojwani,4,,,,,,,Gorakhpur,45606.63,,Dove Wheat Flour (250g),Grains,14,6873.44
Dettol Bun (2kg),PHD-PHD-654,53,72,,,,,ABD-7700,36.66667,,,,,,,,,,Britannia Potato (500g),462.88,,Sparsh Dani,4,,,,,,,,,,Dettol Orange (1L),Fruits,14,6827.52
Aashirvaad Barley (1kg),JWB-JWB-857,66,79,,,,,ABD-8328,22.53829,,,,,,,,,,Kwality Walls Cereal (1kg),396.72,,Teenu Chandavarkar,2,,,,,,,,,,Haldiram's Conditioner (1kg),Bath Essentials,17,6822.85
Amul Chicken (1kg),WXV-WXV-625,69,94,,,,,ABD-8598,53.78715,,,,,,,,,,Lipton Soup (250g),367.26,,Namra Kale,2,,,,,,,,,,Britannia Nachos (1L),Snacks,15,6818.85
Dettol Cake (2kg),SXT-SXT-902,84,108,,,,,ABD-8792,16.70045,,,,,,,,,,Dettol Ice Cream (1kg),353.64,,Jaspreet Mahindrakar,2,,,,,,,,,,Lipton Ice Cream (1L),Desserts,15,6794.85
Nestle Popcorn (1kg),FTV-FTV-645,90,106,,,,,ABD-8910,29.99192,,,,,,,,,,Aashirvaad Soup (500g),296.3,,Farjand Pardesi,2,,,,,,,,,,Colgate Potato (250g),Vegetables,15,6775.2
Lipton Cereal (2kg),MOF-MOF-277,51,93,,,,,ABD-9057,30.02803,,,,,,,,,,Nestle Toothpaste (2kg),283.54,,Kamakshya Kukkar,1,,,,,,,,,,Britannia Shampoo (1L),Bath Essentials,14,6772.08
Dove Popcorn (1kg),YMQ-YMQ-025,72,83,,,,,ABD-9389,40.86022,,,,,,,,,,Patanjali Juice (500g),176.97,,Faisal Piramal,1,,,,,,,,,,Nescafe Energy Drink (500g),Beverages,14,6709.36
Aashirvaad Barley (1kg),IXY-IXY-512,61,102,,,,,ABD-9504,26.64441,,,,,,,,,,Colgate Corn (250g),58.87,,Chanpa Saraf,1,,,,,,,,,,Nestle Mango (1L),Fruits,15,6699.15
Nestle Deodorant (1kg),CPX-CPX-060,52,97,,,,,ABD-9561,20.30214,,,,,,,,,,Grand Total,67387.2,,,,,,,,,,,,,Kwality Walls Banana (1kg),Fruits,15,6661.95
Amul Chicken (1kg),XPM-XPM-431,61,97,,,,,ABD-9709,60.19865,,,,,,,,,,,,,,,,,,,,,,,,Fresh Soda (2kg),Beverages,14,6624.94
Kwality Walls Fish (500g),QAP-QAP-661,55,110,,,,,ABD-9889,26.02378,,,,,,,,,,,,,,,,,,,,,,,,Cadbury Corn (500g),Grains,14,6510.84
Lipton Cereal (2kg),NCA-NCA-861,72,78,,,,,ABD-9890,18.98216,,,,,,,,,,,,,,,,,,,,,,,,Britannia Wheat Flour (1L),Grains,20,6481.01
,,,,,,,,AGA-1436,6.07287,,,,,,,,,,,,,,,,,,,,,,,,Kwality Walls Apple (1L),Fruits,13,6449.95
,,,,,,,,AGA-1525,11.81858,,,,,,,,,,,,,,,,,,,,,,,,Haldiram's Pasta (250g),Packed Foods,14,6439.16
,,,,,,,,AGA-1528,17.84355,,,,,,,,,,,,,,,,,,,,,,,,Dove Mouthwash (500g),Personal Care,21,6427.47
,,,,,,,,AGA-2168,44.89371,,,,,,,,,,,,,,,,,,,,,,,,Daawat Coffee (250g),Beverages,14,6377.7
,,,,,,,,AGA-2271,29.84055,,,,,,,,,,,,,,,,,,,,,,,,Lipton Mango (1L),Fruits,15,6358.5
,,,,,,,,AGA-2828,68.78589,,,,,,,,,,,,,,,,,,,,,,,,Parle Juice (500g),Beverages,15,6318.93
,,,,,,,,AGA-2966,32.86713,,,,,,,,,,,,,,,,,,,,,,,,Fresh Shampoo (1L),Bath Essentials,15,6294.15
,,,,,,,,AGA-3255,32.88262,,,,,,,,,,,,,,,,,,,,,,,,Patanjali Deodorant (500g),Personal Care,19,6289.14
,,,,,,,,AGA-3324,19.62154,,,,,,,,,,,,,,,,,,,,,,,,Dettol Gum (1L),Confectionery,15,6208.8
,,,,,,,,AGA-3377,40.4271,,,,,,,,,,,,,,,,,,,,,,,,Haldiram's 0odles (1kg),Packed Foods,13,6175.13
,,,,,,,,AGA-4162,29.92308,,,,,,,,,,,,,,,,,,,,,,,,Colgate Tea (1L),Beverages,13,6160.31
,,,,,,,,AGA-4239,50.99183,,,,,,,,,,,,,,,,,,,,,,,,Britannia Gum (250g),Confectionery,15,6156.3
,,,,,,,,AGA-4309,57.66473,,,,,,,,,,,,,,,,,,,,,,,,Lays Pork (1L),Meat,26,6156.05
,,,,,,,,AGA-4330,71.81117,,,,,,,,,,,,,,,,,,,,,,,,Nescafe Brownie (2kg),Desserts,15,6103.95
,,,,,,,,AGA-4468,35.17116,,,,,,,,,,,,,,,,,,,,,,,,Cadbury Soap (2kg),Bath Essentials,15,6074.85
,,,,,,,,AGA-4537,83.20106,,,,,,,,,,,,,,,,,,,,,,,,Dove Chips (1L),Snacks,16,6042.63
,,,,,,,,AGA-4632,51.61396,,,,,,,,,,,,,,,,,,,,,,,,Kwality Walls Butter (250g),Dairy,13,6006
,,,,,,,,AGA-5371,55.64883,,,,,,,,,,,,,,,,,,,,,,,,Haldiram's Soda (250g),Beverages,12,5956.68
,,,,,,,,AGA-5437,42.89565,,,,,,,,,,,,,,,,,,,,,,,,Patanjali Paracetamol (2kg),Pharma,33,5925.04
,,,,,,,,AGA-5511,36.63677,,,,,,,,,,,,,,,,,,,,,,,,Dettol Chicken (1kg),Meat,18,5913.12
,,,,,,,,AGA-5523,72.29814,,,,,,,,,,,,,,,,,,,,,,,,Dove Band-Aid (250g),Pharma,19,5887.62
,,,,,,,,AGA-5843,61.99214,,,,,,,,,,,,,,,,,,,,,,,,Lipton Gum (500g),Confectionery,14,5865.72
,,,,,,,,AGA-6070,35.57803,,,,,,,,,,,,,,,,,,,,,,,,Nescafe Cereal (2kg),Packed Foods,13,5863
,,,,,,,,AGA-6361,18.68687,,,,,,,,,,,,,,,,,,,,,,,,Colgate Corn (1L),Grains,12,5862.12
,,,,,,,,AGA-6579,8.49642,,,,,,,,,,,,,,,,,,,,,,,,Lays Paneer (2kg),Dairy,13,5844.67
,,,,,,,,AGA-6580,18.7436,,,,,,,,,,,,,,,,,,,,,,,,Lays Rice (250g),Grains,15,5808.75
,,,,,,,,AGA-6667,48.53188,,,,,,,,,,,,,,,,,,,,,,,,Parle Bagel (2kg),Bakery,13,5789.94
,,,,,,,,AGA-6736,34.47285,,,,,,,,,,,,,,,,,,,,,,,,Patanjali Rice (1kg),Grains,12,5737.8
,,,,,,,,AGA-7090,35.33479,,,,,,,,,,,,,,,,,,,,,,,,Fresh Conditioner (2kg),Bath Essentials,12,5695.32
,,,,,,,,AGA-7118,4.86322,,,,,,,,,,,,,,,,,,,,,,,,Kwality Walls Energy Drink (1L),Beverages,13,5691.66
,,,,,,,,AGA-7870,28.60502,,,,,,,,,,,,,,,,,,,,,,,,Colgate Energy Drink (1L),Beverages,14,5652.08
,,,,,,,,AGA-8045,36.59536,,,,,,,,,,,,,,,,,,,,,,,,Cadbury Bread (1kg),Bakery,15,5587.5
,,,,,,,,AGA-8242,22.33937,,,,,,,,,,,,,,,,,,,,,,,,Kwality Walls Banana (500g),Fruits,17,5565.5
,,,,,,,,AGA-8391,13.16675,,,,,,,,,,,,,,,,,,,,,,,,Dettol Energy Drink (500g),Beverages,12,5537.4
,,,,,,,,AGA-8540,41.95972,,,,,,,,,,,,,,,,,,,,,,,,Amul Pain Relief Gel (1kg),Pharma,13,5523.7
,,,,,,,,AGA-8626,25.77223,,,,,,,,,,,,,,,,,,,,,,,,Cadbury Gum (250g),Confectionery,14,5523
,,,,,,,,AGA-8855,36.61678,,,,,,,,,,,,,,,,,,,,,,,,Patanjali Biscuits (500g),Snacks,13,5517.85
,,,,,,,,AGA-8862,77.50511,,,,,,,,,,,,,,,,,,,,,,,,Patanjali Gum (2kg),Confectionery,14,5515.72
,,,,,,,,AGA-9012,21.08288,,,,,,,,,,,,,,,,,,,,,,,,Daawat Cereal (500g),Packed Foods,13,5485.74
,,,,,,,,AGA-9175,43.71508,,,,,,,,,,,,,,,,,,,,,,,,Parle Onion (250g),Vegetables,11,5482.29
,,,,,,,,AGA-9395,33.47268,,,,,,,,,,,,,,,,,,,,,,,,Amul Rice (500g),Grains,11,5461.72
,,,,,,,,AGA-9542,23.48837,,,,,,,,,,,,,,,,,,,,,,,,Cadbury Popcorn (2kg),Snacks,11,5448.3
,,,,,,,,AGA-9838,81.79119,,,,,,,,,,,,,,,,,,,,,,,,Haldiram's Nachos (1kg),Snacks,14,5445.02
,,,,,,,,ATR-1352,56.24395,,,,,,,,,,,,,,,,,,,,,,,,Dove Gum (250g),Confectionery,19,5439.42
,,,,,,,,ATR-1440,77.15686,,,,,,,,,,,,,,,,,,,,,,,,Nescafe Chips (500g),Snacks,13,5419.05
,,,,,,,,ATR-1792,16.48404,,,,,,,,,,,,,,,,,,,,,,,,Nescafe Chicken (2kg),Meat,15,5407.65
,,,,,,,,ATR-2078,58.74074,,,,,,,,,,,,,,,,,,,,,,,,Colgate Nachos (1L),Snacks,13,5401.89
,,,,,,,,ATR-2314,55.79186,,,,,,,,,,,,,,,,,,,,,,,,Kwality Walls Barley (500g),Grains,11,5383.07
,,,,,,,,ATR-2458,27.07854,,,,,,,,,,,,,,,,,,,,,,,,Cadbury Cheese (2kg),Dairy,11,5366.57
,,,,,,,,ATR-2591,24.16147,,,,,,,,,,,,,,,,,,,,,,,,Nestle Mints (250g),Confectionery,15,5347.5
,,,,,,,,ATR-2808,82.5675,,,,,,,,,,,,,,,,,,,,,,,,Dove Toffee (2kg),Confectionery,12,5324.28
,,,,,,,,ATR-2950,36.31952,,,,,,,,,,,,,,,,,,,,,,,,Nestle Potato (2kg),Vegetables,14,5310.9
,,,,,,,,ATR-3130,22.83019,,,,,,,,,,,,,,,,,,,,,,,,Britannia Chocolate (2kg),Confectionery,13,5291.39
,,,,,,,,ATR-3178,23.35283,,,,,,,,,,,,,,,,,,,,,,,,Lipton Paneer (1kg),Dairy,11,5269.55
,,,,,,,,ATR-3360,25.45872,,,,,,,,,,,,,,,,,,,,,,,,Daawat Coffee (1kg),Beverages,14,5264.56
,,,,,,,,ATR-3696,42.09103,,,,,,,,,,,,,,,,,,,,,,,,Haldiram's Fish (250g),Meat,13,5209.1
,,,,,,,,ATR-3876,23.05184,,,,,,,,,,,,,,,,,,,,,,,,Kwality Walls Wheat Flour (250g),Grains,13,5195.71
,,,,,,,,ATR-4460,54.87428,,,,,,,,,,,,,,,,,,,,,,,,Lays Chicken (250g),Meat,16,5162.64
,,,,,,,,ATR-4490,35.29001,,,,,,,,,,,,,,,,,,,,,,,,Lays Butter (500g),Dairy,14,5102.16
,,,,,,,,ATR-4530,44.46064,,,,,,,,,,,,,,,,,,,,,,,,Lipton Tomato (2kg),Vegetables,24,5092.22
,,,,,,,,ATR-4532,26.68539,,,,,,,,,,,,,,,,,,,,,,,,Dettol Gum (250g),Confectionery,12,5090.76
,,,,,,,,ATR-4905,40.99067,,,,,,,,,,,,,,,,,,,,,,,,Cadbury Pudding (500g),Desserts,17,5082.96
,,,,,,,,ATR-5013,12.40527,,,,,,,,,,,,,,,,,,,,,,,,Lays Chicken (500g),Meat,15,5063.7
,,,,,,,,ATR-5351,21.14053,,,,,,,,,,,,,,,,,,,,,,,,Dettol Pasta (2kg),Packed Foods,18,5054.49
,,,,,,,,ATR-5385,18.99384,,,,,,,,,,,,,,,,,,,,,,,,Lays Sauce (250g),Packed Foods,12,5048.4
,,,,,,,,ATR-5482,20.26929,,,,,,,,,,,,,,,,,,,,,,,,Nescafe Bread (1kg),Bakery,14,5038.46
,,,,,,,,ATR-5896,9.1949,,,,,,,,,,,,,,,,,,,,,,,,Patanjali Soup (2kg),Packed Foods,13,4996.68
,,,,,,,,ATR-5919,11.61893,,,,,,,,,,,,,,,,,,,,,,,,Dettol Grapes (1L),Fruits,15,4996
,,,,,,,,ATR-5936,82.5913,,,,,,,,,,,,,,,,,,,,,,,,Parle Bread (500g),Bakery,12,4945.44
,,,,,,,,ATR-5984,45.53538,,,,,,,,,,,,,,,,,,,,,,,,Parle Rice (1kg),Grains,10,4933.9
,,,,,,,,ATR-6024,52.83757,,,,,,,,,,,,,,,,,,,,,,,,Fresh Cucumber (1L),Vegetables,15,4918.95
,,,,,,,,ATR-6036,57.70609,,,,,,,,,,,,,,,,,,,,,,,,Dove Ice Cream (250g),Desserts,15,4914.6
,,,,,,,,ATR-6152,10.98113,,,,,,,,,,,,,,,,,,,,,,,,Nestle Onion (250g),Vegetables,12,4912.68
,,,,,,,,ATR-6317,78.47334,,,,,,,,,,,,,,,,,,,,,,,,Amul Soup (1L),Packed Foods,10,4905.8
,,,,,,,,ATR-6442,28.63651,,,,,,,,,,,,,,,,,,,,,,,,Cadbury Pasta (1kg),Packed Foods,11,4896.65
,,,,,,,,ATR-6928,9.84215,,,,,,,,,,,,,,,,,,,,,,,,Dove Pulses (1L),Grains,11,4891.04
,,,,,,,,ATR-7061,74.66273,,,,,,,,,,,,,,,,,,,,,,,,Dove Bagel (1L),Bakery,13,4887.48
,,,,,,,,ATR-7152,45.72051,,,,,,,,,,,,,,,,,,,,,,,,Amul Biscuits (500g),Snacks,10,4884.7
,,,,,,,,ATR-7287,39.60149,,,,,,,,,,,,,,,,,,,,,,,,Nestle Butter (2kg),Dairy,15,4860
,,,,,,,,ATR-7553,7.73216,,,,,,,,,,,,,,,,,,,,,,,,Dettol Toffee (250g),Confectionery,15,4837.05
,,,,,,,,ATR-7758,41.72573,,,,,,,,,,,,,,,,,,,,,,,,Patanjali Milk (500g),Dairy,23,4824.03
,,,,,,,,ATR-7880,12.28346,,,,,,,,,,,,,,,,,,,,,,,,Lays Cereal (2kg),Packed Foods,13,4809.22
,,,,,,,,ATR-8016,53.06053,,,,,,,,,,,,,,,,,,,,,,,,Nescafe Yogurt (250g),Dairy,10,4798.3
,,,,,,,,ATR-8561,48.08385,,,,,,,,,,,,,,,,,,,,,,,,Kwality Walls Wheat Flour (1L),Grains,11,4778.4
,,,,,,,,ATR-8635,32.42154,,,,,,,,,,,,,,,,,,,,,,,,Dettol Banana (250g),Fruits,19,4761.24
,,,,,,,,ATR-8959,24.44134,,,,,,,,,,,,,,,,,,,,,,,,Cadbury Custard (500g),Desserts,12,4657.92
,,,,,,,,ATR-9281,41.80166,,,,,,,,,,,,,,,,,,,,,,,,Parle Banana (2kg),Fruits,12,4648.32
,,,,,,,,ATR-9372,65.64981,,,,,,,,,,,,,,,,,,,,,,,,Nescafe Butter (1kg),Dairy,14,4573.52
,,,,,,,,ATR-9550,21.75732,,,,,,,,,,,,,,,,,,,,,,,,Nescafe Cake Mix (2kg),Desserts,15,4522.65
,,,,,,,,ATR-9661,43.66994,,,,,,,,,,,,,,,,,,,,,,,,Colgate Custard (2kg),Desserts,14,4521.3
,,,,,,,,ATR-9833,49.49378,,,,,,,,,,,,,,,,,,,,,,,,Cadbury Toothpaste (1L),Personal Care,12,4500.36
,,,,,,,,ATR-9858,30.55441,,,,,,,,,,,,,,,,,,,,,,,,Nescafe Deodorant (1kg),Personal Care,10,4479.1
,,,,,,,,BGL-1033,31.86576,,,,,,,,,,,,,,,,,,,,,,,,Kwality Walls Toffee (1L),Confectionery,9,4455.72
,,,,,,,,BGL-1383,82.21037,,,,,,,,,,,,,,,,,,,,,,,,Kwality Walls Band-Aid (1kg),Pharma,17,4431.76
,,,,,,,,BGL-2274,56.77201,,,,,,,,,,,,,,,,,,,,,,,,Kwality Walls Toffee (500g),Confectionery,15,4413.75
,,,,,,,,BGL-2291,75.09498,,,,,,,,,,,,,,,,,,,,,,,,Aashirvaad Wheat Flour (1L),Grains,9,4402.26
,,,,,,,,BGL-2424,75.69641,,,,,,,,,,,,,,,,,,,,,,,,Aashirvaad Energy Drink (500g),Beverages,13,4391.92
,,,,,,,,BGL-2599,33.29242,,,,,,,,,,,,,,,,,,,,,,,,Haldiram's Lotion (500g),Bath Essentials,11,4378.77
,,,,,,,,BGL-2613,48.69301,,,,,,,,,,,,,,,,,,,,,,,,Nescafe Milk (250g),Dairy,12,4370.76
,,,,,,,,BGL-2894,10.85147,,,,,,,,,,,,,,,,,,,,,,,,Cadbury Coffee (2kg),Beverages,10,4359
,,,,,,,,BGL-2912,8.76686,,,,,,,,,,,,,,,,,,,,,,,,Aashirvaad Pulses (250g),Grains,9,4314.51
,,,,,,,,BGL-2944,22.25507,,,,,,,,,,,,,,,,,,,,,,,,Kwality Walls Nachos (1kg),Snacks,17,4292.48
,,,,,,,,BGL-3118,37.86575,,,,,,,,,,,,,,,,,,,,,,,,Nescafe Cheese (1kg),Dairy,9,4280.13
,,,,,,,,BGL-3760,53.79357,,,,,,,,,,,,,,,,,,,,,,,,Nescafe Candy (1L),Confectionery,10,4277.4
,,,,,,,,BGL-4117,8.48485,,,,,,,,,,,,,,,,,,,,,,,,Colgate Energy Drink (2kg),Beverages,14,4268.88
,,,,,,,,BGL-4165,53.07213,,,,,,,,,,,,,,,,,,,,,,,,Lipton Bagel (1kg),Bakery,10,4260.5
,,,,,,,,BGL-4359,55.63218,,,,,,,,,,,,,,,,,,,,,,,,Parle Paneer (1L),Dairy,10,4250
,,,,,,,,BGL-4413,17.36199,,,,,,,,,,,,,,,,,,,,,,,,Lays Gum (1kg),Confectionery,14,4239.06
,,,,,,,,BGL-4504,14.72448,,,,,,,,,,,,,,,,,,,,,,,,Colgate Banana (250g),Fruits,12,4234.92
,,,,,,,,BGL-4595,31.98142,,,,,,,,,,,,,,,,,,,,,,,,Patanjali Nachos (250g),Snacks,9,4229.91
,,,,,,,,BGL-4684,16.7541,,,,,,,,,,,,,,,,,,,,,,,,Nescafe Energy Drink (250g),Beverages,10,4220.4
,,,,,,,,BGL-5217,33.92461,,,,,,,,,,,,,,,,,,,,,,,,Cadbury Orange (1L),Fruits,13,4198.61
,,,,,,,,BGL-5237,29.31152,,,,,,,,,,,,,,,,,,,,,,,,Nestle Milk (1L),Dairy,11,4194.3
,,,,,,,,BGL-5338,58.88268,,,,,,,,,,,,,,,,,,,,,,,,Colgate Beef (1kg),Meat,14,4191.04
,,,,,,,,BGL-6013,65.57377,,,,,,,,,,,,,,,,,,,,,,,,Colgate Mouthwash (2kg),Personal Care,12,4189.8
,,,,,,,,BGL-7211,84.06926,,,,,,,,,,,,,,,,,,,,,,,,Parle Tomato (1L),Vegetables,14,4168.5
,,,,,,,,BGL-7529,14.33869,,,,,,,,,,,,,,,,,,,,,,,,Cadbury Cereal (1L),Packed Foods,13,4153.76
,,,,,,,,BGL-8016,61.4541,,,,,,,,,,,,,,,,,,,,,,,,Aashirvaad Yogurt (1L),Dairy,13,4148.04
,,,,,,,,BGL-8040,19.52497,,,,,,,,,,,,,,,,,,,,,,,,Dove Deodorant (250g),Personal Care,10,4146.4
,,,,,,,,BGL-8120,68.18346,,,,,,,,,,,,,,,,,,,,,,,,Lays Lotion (1L),Bath Essentials,11,4122.8
,,,,,,,,BGL-9107,45.87885,,,,,,,,,,,,,,,,,,,,,,,,Dove Barley (250g),Grains,14,4101.44
,,,,,,,,BGL-9130,90.00485,,,,,,,,,,,,,,,,,,,,,,,,Lipton Chicken (2kg),Meat,9,4099.5
,,,,,,,,BGL-9580,26.4686,,,,,,,,,,,,,,,,,,,,,,,,Fresh Bun (2kg),Bakery,10,4049.9
,,,,,,,,BNR-1033,60.49434,,,,,,,,,,,,,,,,,,,,,,,,Britannia Shampoo (1kg),Bath Essentials,13,3992.82
,,,,,,,,BNR-1149,29.96366,,,,,,,,,,,,,,,,,,,,,,,,Britannia Soda (2kg),Beverages,11,3975.07
,,,,,,,,BNR-1169,55.18532,,,,,,,,,,,,,,,,,,,,,,,,Fresh Butter (1L),Dairy,15,3973.95
,,,,,,,,BNR-1250,86.16563,,,,,,,,,,,,,,,,,,,,,,,,Kwality Walls Shampoo (500g),Bath Essentials,12,3967.74
,,,,,,,,BNR-1834,52.72615,,,,,,,,,,,,,,,,,,,,,,,,Dettol Mutton (2kg),Meat,10,3953.5
,,,,,,,,BNR-1998,35.33992,,,,,,,,,,,,,,,,,,,,,,,,Amul Apple (1kg),Fruits,15,3947.1
,,,,,,,,BNR-2060,48.40539,,,,,,,,,,,,,,,,,,,,,,,,Fresh Chicken (1L),Meat,12,3940.08
,,,,,,,,BNR-2097,15.29646,,,,,,,,,,,,,,,,,,,,,,,,Patanjali Cheese (500g),Dairy,12,3924.84
,,,,,,,,BNR-2159,16.79297,,,,,,,,,,,,,,,,,,,,,,,,Parle Banana (500g),Fruits,8,3924.08
,,,,,,,,BNR-2200,9.35484,,,,,,,,,,,,,,,,,,,,,,,,Fresh Razor (1kg),Personal Care,8,3923.92
,,,,,,,,BNR-2296,43.24749,,,,,,,,,,,,,,,,,,,,,,,,Colgate Energy Drink (500g),Beverages,19,3919.92
,,,,,,,,BNR-2401,83.88668,,,,,,,,,,,,,,,,,,,,,,,,Colgate Carrot (500g),Vegetables,15,3919.5
,,,,,,,,BNR-2821,38.50538,,,,,,,,,,,,,,,,,,,,,,,,Dove Razor (500g),Personal Care,10,3917
,,,,,,,,BNR-2830,65.92732,,,,,,,,,,,,,,,,,,,,,,,,Britannia Pudding (1kg),Desserts,14,3913.14
,,,,,,,,BNR-3025,27.33212,,,,,,,,,,,,,,,,,,,,,,,,Lays Onion (500g),Vegetables,11,3896.88
,,,,,,,,BNR-3050,59.66797,,,,,,,,,,,,,,,,,,,,,,,,Fresh Cake (250g),Bakery,10,3895.9
,,,,,,,,BNR-3194,15.91696,,,,,,,,,,,,,,,,,,,,,,,,Aashirvaad Bun (250g),Bakery,15,3895.65
,,,,,,,,BNR-3220,9.54569,,,,,,,,,,,,,,,,,,,,,,,,Lays Yogurt (500g),Dairy,9,3887.19
,,,,,,,,BNR-3255,24.148,,,,,,,,,,,,,,,,,,,,,,,,Lipton Tea (500g),Beverages,14,3886.47
,,,,,,,,BNR-3434,8.57143,,,,,,,,,,,,,,,,,,,,,,,,Parle Bun (250g),Bakery,10,3885.7
,,,,,,,,BNR-3735,37.63768,,,,,,,,,,,,,,,,,,,,,,,,Daawat Chips (1L),Snacks,14,3880.94
,,,,,,,,BNR-3826,52.47761,,,,,,,,,,,,,,,,,,,,,,,,Haldiram's Potato (1kg),Vegetables,13,3864.77
,,,,,,,,BNR-4144,13.27324,,,,,,,,,,,,,,,,,,,,,,,,Patanjali Orange (2kg),Fruits,8,3835.76
,,,,,,,,BNR-4334,32.8783,,,,,,,,,,,,,,,,,,,,,,,,Amul Band-Aid (500g),Pharma,14,3835.44
,,,,,,,,BNR-4429,27.32733,,,,,,,,,,,,,,,,,,,,,,,,Daawat Custard (2kg),Desserts,10,3830.2
,,,,,,,,BNR-4649,48.66373,,,,,,,,,,,,,,,,,,,,,,,,Aashirvaad Paracetamol (1L),Pharma,9,3829.77
,,,,,,,,BNR-4830,38.48768,,,,,,,,,,,,,,,,,,,,,,,,Daawat Deodorant (500g),Personal Care,9,3802.95
,,,,,,,,BNR-4940,17.36955,,,,,,,,,,,,,,,,,,,,,,,,Nestle Nachos (1kg),Snacks,25,3786.15
,,,,,,,,BNR-5209,43.58072,,,,,,,,,,,,,,,,,,,,,,,,Britannia Potato (500g),Vegetables,19,3784.38
,,,,,,,,BNR-5829,65.71429,,,,,,,,,,,,,,,,,,,,,,,,Haldiram's Candy (250g),Confectionery,8,3722.32
,,,,,,,,BNR-5845,10.90103,,,,,,,,,,,,,,,,,,,,,,,,Lipton Pasta (250g),Packed Foods,14,3717
,,,,,,,,BNR-6072,72.10854,,,,,,,,,,,,,,,,,,,,,,,,Lipton Sauce (250g),Packed Foods,21,3700.95
,,,,,,,,BNR-6199,51.90605,,,,,,,,,,,,,,,,,,,,,,,,Colgate Onion (2kg),Vegetables,12,3687.48
,,,,,,,,BNR-6235,35.0285,,,,,,,,,,,,,,,,,,,,,,,,Colgate Corn (500g),Grains,11,3679.28
,,,,,,,,BNR-6360,14.94975,,,,,,,,,,,,,,,,,,,,,,,,Britannia Candy (1kg),Confectionery,8,3635.52
,,,,,,,,BNR-6409,29.04806,,,,,,,,,,,,,,,,,,,,,,,,Aashirvaad Potato (250g),Vegetables,15,3634.2
,,,,,,,,BNR-6928,52.84497,,,,,,,,,,,,,,,,,,,,,,,,Britannia Soup (1kg),Packed Foods,13,3630.77
,,,,,,,,BNR-7077,25.82452,,,,,,,,,,,,,,,,,,,,,,,,Aashirvaad Razor (500g),Personal Care,8,3609.12
,,,,,,,,BNR-7151,24.77064,,,,,,,,,,,,,,,,,,,,,,,,Kwality Walls 0odles (2kg),Packed Foods,11,3593.7
,,,,,,,,BNR-7415,71.01167,,,,,,,,,,,,,,,,,,,,,,,,Fresh Cake Mix (2kg),Desserts,21,3585.33
,,,,,,,,BNR-7620,57.23651,,,,,,,,,,,,,,,,,,,,,,,,Haldiram's Pain Relief Gel (500g),Pharma,13,3568.24
,,,,,,,,BNR-8335,13.19444,,,,,,,,,,,,,,,,,,,,,,,,Cadbury Custard (250g),Desserts,14,3541.44
,,,,,,,,BNR-9000,37.97091,,,,,,,,,,,,,,,,,,,,,,,,Dettol Pasta (500g),Packed Foods,8,3521.84
,,,,,,,,BNR-9295,46.42857,,,,,,,,,,,,,,,,,,,,,,,,Nestle Grapes (1kg),Fruits,11,3506.47
,,,,,,,,BNR-9454,43.43622,,,,,,,,,,,,,,,,,,,,,,,,Haldiram's Toffee (500g),Confectionery,10,3505.4
,,,,,,,,BNR-9681,33.71673,,,,,,,,,,,,,,,,,,,,,,,,Fresh Face Wash (1kg),Personal Care,13,3502.98
,,,,,,,,BNR-9823,51.75944,,,,,,,,,,,,,,,,,,,,,,,,Colgate Vitamin C (2kg),Pharma,14,3482.08
,,,,,,,,BNR-9858,33.80629,,,,,,,,,,,,,,,,,,,,,,,,Lays Mouthwash (1L),Personal Care,12,3479.28
,,,,,,,,BPL-1391,29.31229,,,,,,,,,,,,,,,,,,,,,,,,Colgate Deodorant (250g),Personal Care,9,3458.34
,,,,,,,,BPL-1410,29.15129,,,,,,,,,,,,,,,,,,,,,,,,Lipton Mutton (2kg),Meat,9,3454.38
,,,,,,,,BPL-1516,58.12113,,,,,,,,,,,,,,,,,,,,,,,,Haldiram's Banana (250g),Fruits,9,3453.57
,,,,,,,,BPL-1527,7.76045,,,,,,,,,,,,,,,,,,,,,,,,Colgate Ice Cream (250g),Desserts,9,3432.96
,,,,,,,,BPL-1605,50.32278,,,,,,,,,,,,,,,,,,,,,,,,Dove Butter (500g),Dairy,10,3431.3
,,,,,,,,BPL-2167,79.97179,,,,,,,,,,,,,,,,,,,,,,,,Nestle Lotion (250g),Bath Essentials,11,3418.36
,,,,,,,,BPL-2196,17.85604,,,,,,,,,,,,,,,,,,,,,,,,Nestle Custard (2kg),Desserts,15,3412.41
,,,,,,,,BPL-2602,23.17036,,,,,,,,,,,,,,,,,,,,,,,,Lays Croissant (250g),Bakery,10,3409.4
,,,,,,,,BPL-2901,58.72642,,,,,,,,,,,,,,,,,,,,,,,,Haldiram's Bagel (2kg),Bakery,10,3375
,,,,,,,,BPL-3512,51.04265,,,,,,,,,,,,,,,,,,,,,,,,Amul Juice (1L),Beverages,8,3372.72
,,,,,,,,BPL-3534,77.20798,,,,,,,,,,,,,,,,,,,,,,,,Aashirvaad Band-Aid (500g),Pharma,13,3371.42
,,,,,,,,BPL-3579,52.57229,,,,,,,,,,,,,,,,,,,,,,,,Lipton Namkeen (500g),Snacks,14,3370.78
,,,,,,,,BPL-3798,49.80036,,,,,,,,,,,,,,,,,,,,,,,,Parle Soda (2kg),Beverages,11,3370.51
,,,,,,,,BPL-4164,33.60914,,,,,,,,,,,,,,,,,,,,,,,,Amul Deodorant (500g),Personal Care,7,3362.24
,,,,,,,,BPL-4226,30.19668,,,,,,,,,,,,,,,,,,,,,,,,Dettol Barley (250g),Grains,10,3358.8
,,,,,,,,BPL-4660,64.89468,,,,,,,,,,,,,,,,,,,,,,,,Daawat Wheat Flour (2kg),Grains,8,3357.12
,,,,,,,,BPL-5001,88.04002,,,,,,,,,,,,,,,,,,,,,,,,Amul Chocolate (2kg),Confectionery,12,3353.04
,,,,,,,,BPL-5130,53.29317,,,,,,,,,,,,,,,,,,,,,,,,Aashirvaad Apple (500g),Fruits,8,3351.28
,,,,,,,,BPL-5245,20.22364,,,,,,,,,,,,,,,,,,,,,,,,Dove Popcorn (1L),Snacks,8,3350.4
,,,,,,,,BPL-5366,52.48162,,,,,,,,,,,,,,,,,,,,,,,,Colgate Pork (1L),Meat,7,3350.06
,,,,,,,,BPL-5484,25.47794,,,,,,,,,,,,,,,,,,,,,,,,Kwality Walls Soda (2kg),Beverages,15,3329.1
,,,,,,,,BPL-5693,16.4267,,,,,,,,,,,,,,,,,,,,,,,,Kwality Walls Antacid (250g),Pharma,14,3312.96
,,,,,,,,BPL-5823,57.51754,,,,,,,,,,,,,,,,,,,,,,,,Amul Toffee (500g),Confectionery,8,3300.8
,,,,,,,,BPL-6154,15.1009,,,,,,,,,,,,,,,,,,,,,,,,Patanjali Face Wash (500g),Personal Care,11,3298.35
,,,,,,,,BPL-6207,39.3011,,,,,,,,,,,,,,,,,,,,,,,,Amul Nachos (2kg),Snacks,9,3293.64
,,,,,,,,BPL-6637,22.7071,,,,,,,,,,,,,,,,,,,,,,,,Lays Corn (2kg),Grains,15,3280.2
,,,,,,,,BPL-6699,51.36653,,,,,,,,,,,,,,,,,,,,,,,,Fresh 0odles (2kg),Packed Foods,10,3264.4
,,,,,,,,BPL-6794,17.28972,,,,,,,,,,,,,,,,,,,,,,,,Nestle Orange (1kg),Fruits,9,3261.24
,,,,,,,,BPL-6880,10.26772,,,,,,,,,,,,,,,,,,,,,,,,Dove Wheat Flour (1kg),Grains,11,3259.3
,,,,,,,,BPL-7399,25.44979,,,,,,,,,,,,,,,,,,,,,,,,Patanjali Butter (1L),Dairy,8,3257.84
,,,,,,,,BPL-7644,23.29495,,,,,,,,,,,,,,,,,,,,,,,,Britannia Gum (500g),Confectionery,8,3245.84
,,,,,,,,BPL-7990,35.59519,,,,,,,,,,,,,,,,,,,,,,,,Colgate Shampoo (2kg),Bath Essentials,7,3232.04
,,,,,,,,BPL-7993,60.27215,,,,,,,,,,,,,,,,,,,,,,,,Dove Sauce (2kg),Packed Foods,11,3221.68
,,,,,,,,BPL-8190,67.95918,,,,,,,,,,,,,,,,,,,,,,,,Cadbury Paracetamol (1L),Pharma,11,3221.24
,,,,,,,,BPL-8640,60.43031,,,,,,,,,,,,,,,,,,,,,,,,Parle Cheese (2kg),Dairy,23,3218.82
,,,,,,,,BPL-9345,40.84,,,,,,,,,,,,,,,,,,,,,,,,Nescafe Chips (1kg),Snacks,11,3217.06
,,,,,,,,BPL-9348,25.59242,,,,,,,,,,,,,,,,,,,,,,,,Kwality Walls Shampoo (1kg),Bath Essentials,19,3213.16
,,,,,,,,BPL-9471,6.00304,,,,,,,,,,,,,,,,,,,,,,,,Lipton 0odles (2kg),Packed Foods,8,3190
,,,,,,,,CNI-1149,6.05554,,,,,,,,,,,,,,,,,,,,,,,,Aashirvaad Razor (1L),Personal Care,23,3179.82
,,,,,,,,CNI-1351,41.74589,,,,,,,,,,,,,,,,,,,,,,,,Aashirvaad Cucumber (1L),Vegetables,12,3173.04
,,,,,,,,CNI-1991,19.03509,,,,,,,,,,,,,,,,,,,,,,,,Daawat Beef (1L),Meat,8,3170.88
,,,,,,,,CNI-2283,72.4878,,,,,,,,,,,,,,,,,,,,,,,,Cadbury Butter (2kg),Dairy,10,3164.8
,,,,,,,,CNI-2577,24.95253,,,,,,,,,,,,,,,,,,,,,,,,Parle Cake (1kg),Bakery,9,3141.36
,,,,,,,,CNI-2624,29.02542,,,,,,,,,,,,,,,,,,,,,,,,Cadbury Pulses (250g),Grains,12,3140.64
,,,,,,,,CNI-2907,11.09736,,,,,,,,,,,,,,,,,,,,,,,,Colgate Namkeen (2kg),Snacks,15,3133.65
,,,,,,,,CNI-3158,11.54309,,,,,,,,,,,,,,,,,,,,,,,,Daawat Paneer (1kg),Dairy,7,3133.13
,,,,,,,,CNI-3162,8.02786,,,,,,,,,,,,,,,,,,,,,,,,Haldiram's Cereal (1kg),Packed Foods,10,3109.4
,,,,,,,,CNI-3465,33.44699,,,,,,,,,,,,,,,,,,,,,,,,Patanjali Mouthwash (250g),Personal Care,14,3088.82
,,,,,,,,CNI-3609,39.81752,,,,,,,,,,,,,,,,,,,,,,,,Parle Mints (250g),Confectionery,7,3078.18
,,,,,,,,CNI-4376,51.34543,,,,,,,,,,,,,,,,,,,,,,,,Britannia Potato (1L),Vegetables,14,3075.52
,,,,,,,,CNI-4403,30.91525,,,,,,,,,,,,,,,,,,,,,,,,Patanjali Band-Aid (1L),Pharma,7,3060.4
,,,,,,,,CNI-4553,52.09803,,,,,,,,,,,,,,,,,,,,,,,,Amul Soup (1kg),Packed Foods,9,3044.34
,,,,,,,,CNI-4700,29.14244,,,,,,,,,,,,,,,,,,,,,,,,Dove Pulses (2kg),Grains,13,3044.21
,,,,,,,,CNI-5017,57.60354,,,,,,,,,,,,,,,,,,,,,,,,Dettol Sauce (500g),Packed Foods,8,3042.72
,,,,,,,,CNI-5282,70.43226,,,,,,,,,,,,,,,,,,,,,,,,Parle Band-Aid (250g),Pharma,10,3041.72
,,,,,,,,CNI-5636,27.38211,,,,,,,,,,,,,,,,,,,,,,,,Nestle Shampoo (1kg),Bath Essentials,8,3029.92
,,,,,,,,CNI-5765,29.24492,,,,,,,,,,,,,,,,,,,,,,,,Lays Yogurt (1kg),Dairy,10,3028.9
,,,,,,,,CNI-6235,18.24713,,,,,,,,,,,,,,,,,,,,,,,,Nescafe Vitamin C (1L),Pharma,7,3017.21
,,,,,,,,CNI-6339,16.43443,,,,,,,,,,,,,,,,,,,,,,,,Lipton Paneer (2kg),Dairy,10,3002.6
,,,,,,,,CNI-6868,11.99725,,,,,,,,,,,,,,,,,,,,,,,,Nestle Sauce (250g),Packed Foods,7,2985.71
,,,,,,,,CNI-7107,39.42696,,,,,,,,,,,,,,,,,,,,,,,,Kwality Walls Vitamin C (250g),Pharma,8,2979.68
,,,,,,,,CNI-7417,51.61899,,,,,,,,,,,,,,,,,,,,,,,,Patanjali Bagel (500g),Bakery,8,2976.88
,,,,,,,,CNI-7430,29.58094,,,,,,,,,,,,,,,,,,,,,,,,Colgate Gum (1kg),Confectionery,6,2975.7
,,,,,,,,CNI-7446,53.75671,,,,,,,,,,,,,,,,,,,,,,,,Patanjali Razor (2kg),Personal Care,11,2972.09
,,,,,,,,CNI-7613,9.54702,,,,,,,,,,,,,,,,,,,,,,,,Amul Potato (2kg),Vegetables,7,2965.34
,,,,,,,,CNI-7652,14.00794,,,,,,,,,,,,,,,,,,,,,,,,Dettol Mints (2kg),Confectionery,9,2964.24
,,,,,,,,CNI-7668,26.19705,,,,,,,,,,,,,,,,,,,,,,,,Dove Lotion (2kg),Bath Essentials,12,2960.04
,,,,,,,,CNI-7709,14.11276,,,,,,,,,,,,,,,,,,,,,,,,Amul Barley (1kg),Grains,9,2958.93
,,,,,,,,CNI-7802,30.59259,,,,,,,,,,,,,,,,,,,,,,,,Dettol Pain Relief Gel (1L),Pharma,10,2958
,,,,,,,,CNI-8289,34.13999,,,,,,,,,,,,,,,,,,,,,,,,Lays Lotion (1kg),Bath Essentials,6,2957.28
,,,,,,,,CNI-8309,64.66335,,,,,,,,,,,,,,,,,,,,,,,,Colgate Banana (1L),Fruits,14,2954.98
,,,,,,,,CNI-8405,40.99469,,,,,,,,,,,,,,,,,,,,,,,,Patanjali Potato (1L),Vegetables,9,2925.63
,,,,,,,,CNI-8651,38.04048,,,,,,,,,,,,,,,,,,,,,,,,Lays Mango (500g),Fruits,15,2912.25
,,,,,,,,CNI-8890,27.73325,,,,,,,,,,,,,,,,,,,,,,,,Patanjali Coffee (1kg),Beverages,11,2910.71
,,,,,,,,CNI-9022,26.74989,,,,,,,,,,,,,,,,,,,,,,,,Britannia Sauce (500g),Packed Foods,6,2892.96
,,,,,,,,CNI-9135,69.86355,,,,,,,,,,,,,,,,,,,,,,,,Amul Chocolate (1L),Confectionery,9,2890.8
,,,,,,,,CNI-9420,78.16832,,,,,,,,,,,,,,,,,,,,,,,,Nestle Bagel (2kg),Bakery,10,2879.8
,,,,,,,,CNI-9443,16.64929,,,,,,,,,,,,,,,,,,,,,,,,Britannia Pain Relief Gel (250g),Pharma,11,2877.88
,,,,,,,,CNI-9850,27.38529,,,,,,,,,,,,,,,,,,,,,,,,Nescafe Pulses (500g),Grains,23,2867.72
,,,,,,,,CNI-9900,29.10276,,,,,,,,,,,,,,,,,,,,,,,,Patanjali Barley (250g),Grains,23,2836.9
,,,,,,,,DDN-1162,9.47043,,,,,,,,,,,,,,,,,,,,,,,,Patanjali Pork (250g),Meat,6,2836.14
,,,,,,,,DDN-1545,10.92993,,,,,,,,,,,,,,,,,,,,,,,,Haldiram's Tea (1kg),Beverages,7,2824.85
,,,,,,,,DDN-1933,46.44925,,,,,,,,,,,,,,,,,,,,,,,,Dettol Pudding (250g),Desserts,9,2824.2
,,,,,,,,DDN-1944,29.10105,,,,,,,,,,,,,,,,,,,,,,,,Nescafe Bun (500g),Bakery,14,2823.24
,,,,,,,,DDN-1960,50.23452,,,,,,,,,,,,,,,,,,,,,,,,Lays Pudding (1L),Desserts,9,2817.81
,,,,,,,,DDN-1973,58.2151,,,,,,,,,,,,,,,,,,,,,,,,Kwality Walls Pasta (2kg),Packed Foods,6,2817
,,,,,,,,DDN-1989,59.9803,,,,,,,,,,,,,,,,,,,,,,,,Aashirvaad Barley (1kg),Grains,15,2810.55
,,,,,,,,DDN-2212,27.22016,,,,,,,,,,,,,,,,,,,,,,,,Kwality Walls Popcorn (2kg),Snacks,12,2807.4
,,,,,,,,DDN-2727,19.29825,,,,,,,,,,,,,,,,,,,,,,,,Colgate Mints (500g),Confectionery,7,2804.69
,,,,,,,,DDN-3167,87.63033,,,,,,,,,,,,,,,,,,,,,,,,Kwality Walls Bread (2kg),Bakery,12,2800.56
,,,,,,,,DDN-3615,43.25964,,,,,,,,,,,,,,,,,,,,,,,,Lays Mints (250g),Confectionery,14,2775.22
,,,,,,,,DDN-3776,9.34019,,,,,,,,,,,,,,,,,,,,,,,,Nestle Pasta (250g),Packed Foods,10,2757
,,,,,,,,DDN-4476,17.0357,,,,,,,,,,,,,,,,,,,,,,,,Daawat Bun (250g),Bakery,12,2753.76
,,,,,,,,DDN-4571,54.88414,,,,,,,,,,,,,,,,,,,,,,,,Patanjali Cereal (1L),Packed Foods,8,2750.16
,,,,,,,,DDN-4651,46.72161,,,,,,,,,,,,,,,,,,,,,,,,Fresh Bagel (1L),Bakery,10,2747
,,,,,,,,DDN-5265,16.67227,,,,,,,,,,,,,,,,,,,,,,,,Daawat Deodorant (1kg),Personal Care,8,2745.68
,,,,,,,,DDN-5450,30.82448,,,,,,,,,,,,,,,,,,,,,,,,Dettol Gum (500g),Confectionery,9,2737.89
,,,,,,,,DDN-5470,38.20024,,,,,,,,,,,,,,,,,,,,,,,,Fresh Mango (250g),Fruits,11,2729.01
,,,,,,,,DDN-5530,24.91166,,,,,,,,,,,,,,,,,,,,,,,,Lays Nachos (250g),Snacks,7,2724.75
,,,,,,,,DDN-5567,30.08412,,,,,,,,,,,,,,,,,,,,,,,,Dettol Mints (500g),Confectionery,11,2721.95
,,,,,,,,DDN-5701,57.14864,,,,,,,,,,,,,,,,,,,,,,,,Nestle Toothpaste (1kg),Personal Care,6,2720.34
,,,,,,,,DDN-5954,33.1458,,,,,,,,,,,,,,,,,,,,,,,,Cadbury Chocolate (500g),Confectionery,12,2716.44
,,,,,,,,DDN-6297,46.0479,,,,,,,,,,,,,,,,,,,,,,,,Cadbury Shampoo (250g),Bath Essentials,14,2714.74
,,,,,,,,DDN-6613,24.55395,,,,,,,,,,,,,,,,,,,,,,,,Nescafe Soda (250g),Beverages,9,2703.24
,,,,,,,,DDN-7693,25.98374,,,,,,,,,,,,,,,,,,,,,,,,Lipton Energy Drink (500g),Beverages,12,2679.48
,,,,,,,,DDN-7970,43.06771,,,,,,,,,,,,,,,,,,,,,,,,Nestle Mango (2kg),Fruits,7,2677.64
,,,,,,,,DDN-8050,47.74913,,,,,,,,,,,,,,,,,,,,,,,,Nestle Pudding (250g),Desserts,11,2658.04
,,,,,,,,DDN-8212,35.91282,,,,,,,,,,,,,,,,,,,,,,,,Nestle Vitamin C (1L),Pharma,14,2656.08
,,,,,,,,DDN-8665,45.33443,,,,,,,,,,,,,,,,,,,,,,,,Daawat Croissant (500g),Bakery,9,2652.21
,,,,,,,,DDN-8920,6.62595,,,,,,,,,,,,,,,,,,,,,,,,Aashirvaad Toffee (500g),Confectionery,6,2650.74
,,,,,,,,DDN-8986,92.1659,,,,,,,,,,,,,,,,,,,,,,,,Patanjali Gum (500g),Confectionery,12,2648.88
,,,,,,,,DDN-9142,56.54336,,,,,,,,,,,,,,,,,,,,,,,,Nescafe Gum (500g),Confectionery,15,2644.95
,,,,,,,,DDN-9350,44.55846,,,,,,,,,,,,,,,,,,,,,,,,Britannia Deodorant (2kg),Personal Care,15,2634.3
,,,,,,,,DDN-9409,13.58834,,,,,,,,,,,,,,,,,,,,,,,,Haldiram's Bread (250g),Bakery,9,2617.02
,,,,,,,,DDN-9534,41.91358,,,,,,,,,,,,,,,,,,,,,,,,Lays Shampoo (2kg),Bath Essentials,9,2610.72
,,,,,,,,DDN-9675,48.96067,,,,,,,,,,,,,,,,,,,,,,,,Lipton Razor (1kg),Personal Care,18,2602.65
,,,,,,,,DDN-9797,9.48678,,,,,,,,,,,,,,,,,,,,,,,,Britannia Apple (1kg),Fruits,10,2594.5
,,,,,,,,DDN-9941,52,,,,,,,,,,,,,,,,,,,,,,,,Britannia Pudding (1L),Desserts,12,2592.84
,,,,,,,,DLI-1370,17.11809,,,,,,,,,,,,,,,,,,,,,,,,Dove Fish (500g),Meat,14,2567.74
,,,,,,,,DLI-1713,8.66221,,,,,,,,,,,,,,,,,,,,,,,,Nescafe Deodorant (2kg),Personal Care,13,2560.74
,,,,,,,,DLI-1761,37.77985,,,,,,,,,,,,,,,,,,,,,,,,Nestle Paneer (250g),Dairy,6,2552.82
,,,,,,,,DLI-3006,38.09951,,,,,,,,,,,,,,,,,,,,,,,,Dettol Croissant (2kg),Bakery,7,2551.43
,,,,,,,,DLI-3028,16.36418,,,,,,,,,,,,,,,,,,,,,,,,Aashirvaad Razor (250g),Personal Care,14,2547.16
,,,,,,,,DLI-3091,22.79124,,,,,,,,,,,,,,,,,,,,,,,,Cadbury Biscuits (1kg),Snacks,7,2543.94
,,,,,,,,DLI-3343,66.04478,,,,,,,,,,,,,,,,,,,,,,,,Lipton Toffee (1L),Confectionery,17,2538.49
,,,,,,,,DLI-3746,37.01504,,,,,,,,,,,,,,,,,,,,,,,,Kwality Walls Band-Aid (500g),Pharma,9,2530.71
,,,,,,,,DLI-3857,60.16825,,,,,,,,,,,,,,,,,,,,,,,,Patanjali Cucumber (1kg),Vegetables,9,2530.53
,,,,,,,,DLI-4083,27.81307,,,,,,,,,,,,,,,,,,,,,,,,Patanjali Pain Relief Gel (1L),Pharma,7,2510.55
,,,,,,,,DLI-4581,63.65394,,,,,,,,,,,,,,,,,,,,,,,,Fresh Juice (1L),Beverages,12,2504.8
,,,,,,,,DLI-4664,55.95996,,,,,,,,,,,,,,,,,,,,,,,,Fresh Mints (2kg),Confectionery,11,2496.69
,,,,,,,,DLI-4670,36.35196,,,,,,,,,,,,,,,,,,,,,,,,Daawat Banana (1L),Fruits,10,2496
,,,,,,,,DLI-5205,59.3963,,,,,,,,,,,,,,,,,,,,,,,,Nestle Popcorn (1kg),Snacks,15,2480.55
,,,,,,,,DLI-5466,91.22001,,,,,,,,,,,,,,,,,,,,,,,,Fresh Coffee (1L),Beverages,12,2475.6
,,,,,,,,DLI-5786,47.34283,,,,,,,,,,,,,,,,,,,,,,,,Parle Fish (250g),Meat,10,2474.7
,,,,,,,,DLI-5926,33.43434,,,,,,,,,,,,,,,,,,,,,,,,Lays Paracetamol (1kg),Pharma,6,2474.4
,,,,,,,,DLI-6158,24.5491,,,,,,,,,,,,,,,,,,,,,,,,Britannia Face Wash (1kg),Personal Care,9,2473.29
,,,,,,,,DLI-6159,85.92693,,,,,,,,,,,,,,,,,,,,,,,,Nescafe Chips (1L),Snacks,15,2467.65
,,,,,,,,DLI-6252,74.77086,,,,,,,,,,,,,,,,,,,,,,,,Cadbury Brownie (1L),Desserts,11,2463.23
,,,,,,,,DLI-6282,33.56188,,,,,,,,,,,,,,,,,,,,,,,,Nescafe Soda (1L),Beverages,10,2460.8
,,,,,,,,DLI-6401,42.47902,,,,,,,,,,,,,,,,,,,,,,,,Nescafe Potato (1kg),Vegetables,8,2454.08
,,,,,,,,DLI-6780,65.38801,,,,,,,,,,,,,,,,,,,,,,,,Lipton Juice (250g),Beverages,6,2453.04
,,,,,,,,DLI-7249,43.72004,,,,,,,,,,,,,,,,,,,,,,,,Daawat Vitamin C (1kg),Pharma,5,2453
,,,,,,,,DLI-7460,59.75309,,,,,,,,,,,,,,,,,,,,,,,,Amul Paneer (500g),Dairy,15,2434.65
,,,,,,,,DLI-8487,88.45438,,,,,,,,,,,,,,,,,,,,,,,,Nestle Antacid (250g),Pharma,5,2429.5
,,,,,,,,DLI-9514,13.19529,,,,,,,,,,,,,,,,,,,,,,,,Lipton Beef (1kg),Meat,13,2427.49
,,,,,,,,DLI-9708,26.16991,,,,,,,,,,,,,,,,,,,,,,,,Parle Corn (500g),Grains,7,2425.78
,,,,,,,,GBZ-1134,54.48578,,,,,,,,,,,,,,,,,,,,,,,,Aashirvaad Cheese (500g),Dairy,5,2414.8
,,,,,,,,GBZ-1328,23.44728,,,,,,,,,,,,,,,,,,,,,,,,Lays Brownie (250g),Desserts,5,2406.05
,,,,,,,,GBZ-20,38.37423,,,,,,,,,,,,,,,,,,,,,,,,Nestle Conditioner (2kg),Bath Essentials,10,2405.2
,,,,,,,,GBZ-2023,45.05666,,,,,,,,,,,,,,,,,,,,,,,,Patanjali Potato (250g),Vegetables,5,2404.15
,,,,,,,,GBZ-2239,26.17313,,,,,,,,,,,,,,,,,,,,,,,,Dove Cake (2kg),Bakery,10,2403.4
,,,,,,,,GBZ-2535,36.65246,,,,,,,,,,,,,,,,,,,,,,,,Colgate Chocolate (2kg),Confectionery,7,2382.66
,,,,,,,,GBZ-2633,29.39316,,,,,,,,,,,,,,,,,,,,,,,,Kwality Walls Bread (1L),Bakery,8,2380.4
,,,,,,,,GBZ-2713,9.55305,,,,,,,,,,,,,,,,,,,,,,,,Nestle Sauce (500g),Packed Foods,11,2376.55
,,,,,,,,GBZ-2914,29.49702,,,,,,,,,,,,,,,,,,,,,,,,Amul Biscuits (2kg),Snacks,6,2366.46
,,,,,,,,GBZ-3032,29.9095,,,,,,,,,,,,,,,,,,,,,,,,Lays Soda (250g),Beverages,11,2362.8
,,,,,,,,GBZ-3499,11.90822,,,,,,,,,,,,,,,,,,,,,,,,Lipton Chicken (1L),Meat,5,2361.15
,,,,,,,,GBZ-3628,54.30887,,,,,,,,,,,,,,,,,,,,,,,,Patanjali Face Wash (1L),Personal Care,5,2359.4
,,,,,,,,GBZ-3669,44.62274,,,,,,,,,,,,,,,,,,,,,,,,Kwality Walls Cake Mix (1kg),Desserts,10,2351.2
,,,,,,,,GBZ-3789,32.00144,,,,,,,,,,,,,,,,,,,,,,,,Lays Chicken (1kg),Meat,5,2347.75
,,,,,,,,GBZ-3797,58.66667,,,,,,,,,,,,,,,,,,,,,,,,Nestle Soda (1L),Beverages,7,2329.67
,,,,,,,,GBZ-3802,9.83051,,,,,,,,,,,,,,,,,,,,,,,,Dettol Onion (1L),Vegetables,5,2329.6
,,,,,,,,GBZ-3935,54.72888,,,,,,,,,,,,,,,,,,,,,,,,Haldiram's Orange (500g),Fruits,14,2328.2
,,,,,,,,GBZ-3957,60.98211,,,,,,,,,,,,,,,,,,,,,,,,Parle Cake Mix (2kg),Desserts,5,2322.25
,,,,,,,,GBZ-4035,48.65736,,,,,,,,,,,,,,,,,,,,,,,,Daawat Barley (2kg),Grains,8,2314.32
,,,,,,,,GBZ-4180,8.90052,,,,,,,,,,,,,,,,,,,,,,,,Dettol Razor (2kg),Personal Care,14,2306.36
,,,,,,,,GBZ-4270,63.60792,,,,,,,,,,,,,,,,,,,,,,,,Fresh Paracetamol (250g),Pharma,5,2304.25
,,,,,,,,GBZ-4388,15.66834,,,,,,,,,,,,,,,,,,,,,,,,Britannia Energy Drink (1L),Beverages,5,2298.35
,,,,,,,,GBZ-4416,57.84393,,,,,,,,,,,,,,,,,,,,,,,,Kwality Walls Yogurt (1L),Dairy,5,2296.5
,,,,,,,,GBZ-4759,78.00487,,,,,,,,,,,,,,,,,,,,,,,,Patanjali Toothpaste (500g),Personal Care,5,2296
,,,,,,,,GBZ-4795,57.02811,,,,,,,,,,,,,,,,,,,,,,,,Haldiram's Brownie (1kg),Desserts,7,2289.77
,,,,,,,,GBZ-4803,64.28853,,,,,,,,,,,,,,,,,,,,,,,,Aashirvaad Face Wash (250g),Personal Care,8,2279.92
,,,,,,,,GBZ-4840,35.10747,,,,,,,,,,,,,,,,,,,,,,,,Amul Band-Aid (1L),Pharma,13,2258.75
,,,,,,,,GBZ-4886,33.77894,,,,,,,,,,,,,,,,,,,,,,,,Amul Chips (2kg),Snacks,6,2254.32
,,,,,,,,GBZ-5144,35.10456,,,,,,,,,,,,,,,,,,,,,,,,Parle 0odles (250g),Packed Foods,7,2253.65
,,,,,,,,GBZ-5363,21.25047,,,,,,,,,,,,,,,,,,,,,,,,Britannia Butter (250g),Dairy,14,2249.24
,,,,,,,,GBZ-6164,47.08236,,,,,,,,,,,,,,,,,,,,,,,,Lipton Bread (250g),Bakery,8,2246.32
,,,,,,,,GBZ-6400,50.8851,,,,,,,,,,,,,,,,,,,,,,,,Lipton Cereal (250g),Packed Foods,5,2241.55
,,,,,,,,GBZ-6591,74.13249,,,,,,,,,,,,,,,,,,,,,,,,Parle Pulses (250g),Grains,14,2238.18
,,,,,,,,GBZ-7589,33.28571,,,,,,,,,,,,,,,,,,,,,,,,Dettol Chocolate (1L),Confectionery,6,2230.86
,,,,,,,,GBZ-7666,28.99106,,,,,,,,,,,,,,,,,,,,,,,,Colgate Milk (500g),Dairy,11,2220.24
,,,,,,,,GBZ-8176,51.06707,,,,,,,,,,,,,,,,,,,,,,,,Parle Popcorn (2kg),Snacks,15,2214.75
,,,,,,,,GBZ-8417,79.22321,,,,,,,,,,,,,,,,,,,,,,,,Patanjali Chocolate (250g),Confectionery,14,2207.8
,,,,,,,,GBZ-8553,13.19213,,,,,,,,,,,,,,,,,,,,,,,,Daawat Banana (250g),Fruits,15,2154.45
,,,,,,,,GBZ-8631,20.54237,,,,,,,,,,,,,,,,,,,,,,,,Parle Onion (500g),Vegetables,15,2152.5
,,,,,,,,GBZ-8758,64.26083,,,,,,,,,,,,,,,,,,,,,,,,Parle Namkeen (500g),Snacks,12,2151.96
,,,,,,,,GBZ-8915,57.96869,,,,,,,,,,,,,,,,,,,,,,,,Nestle Body Wash (2kg),Bath Essentials,18,2150.64
,,,,,,,,GBZ-9100,78.14021,,,,,,,,,,,,,,,,,,,,,,,,Amul 0odles (1L),Packed Foods,6,2146.08
,,,,,,,,GBZ-9119,33.17471,,,,,,,,,,,,,,,,,,,,,,,,Patanjali Onion (1kg),Vegetables,9,2135.79
,,,,,,,,GBZ-9231,21.17794,,,,,,,,,,,,,,,,,,,,,,,,Colgate Chicken (1kg),Meat,5,2135.25
,,,,,,,,GBZ-9451,8.70987,,,,,,,,,,,,,,,,,,,,,,,,Dove Nachos (1kg),Snacks,6,2133.54
,,,,,,,,GBZ-9580,28.49722,,,,,,,,,,,,,,,,,,,,,,,,Nestle Butter (1L),Dairy,6,2131.14
,,,,,,,,GBZ-9609,28.57143,,,,,,,,,,,,,,,,,,,,,,,,Nestle Toffee (500g),Confectionery,8,2114.32
,,,,,,,,GBZ-9691,56.56685,,,,,,,,,,,,,,,,,,,,,,,,Daawat Pain Relief Gel (2kg),Pharma,6,2091.84
,,,,,,,,GGM-1523,31.1131,,,,,,,,,,,,,,,,,,,,,,,,Patanjali Deodorant (1L),Personal Care,14,2088.52
,,,,,,,,GGM-2017,40.82192,,,,,,,,,,,,,,,,,,,,,,,,Amul Chicken (2kg),Meat,6,2088.18
,,,,,,,,GGM-2359,32.43147,,,,,,,,,,,,,,,,,,,,,,,,Aashirvaad Pulses (500g),Grains,10,2086.6
,,,,,,,,GGM-2419,27.58621,,,,,,,,,,,,,,,,,,,,,,,,Kwality Walls Bagel (1L),Bakery,7,2069.9
,,,,,,,,GGM-2529,45.4717,,,,,,,,,,,,,,,,,,,,,,,,Haldiram's Cucumber (500g),Vegetables,15,2067.15
,,,,,,,,GGM-2795,26.87554,,,,,,,,,,,,,,,,,,,,,,,,Dove Tomato (2kg),Vegetables,5,2048.25
,,,,,,,,GGM-2865,22.98665,,,,,,,,,,,,,,,,,,,,,,,,Amul Croissant (500g),Bakery,6,2030.94
,,,,,,,,GGM-2885,51.76794,,,,,,,,,,,,,,,,,,,,,,,,Dettol Candy (1kg),Confectionery,14,2027.48
,,,,,,,,GGM-3003,29.8105,,,,,,,,,,,,,,,,,,,,,,,,Aashirvaad Corn (1L),Grains,5,2016.85
,,,,,,,,GGM-3593,42.01121,,,,,,,,,,,,,,,,,,,,,,,,Cadbury Antacid (250g),Pharma,6,2010.66
,,,,,,,,GGM-3647,12.2969,,,,,,,,,,,,,,,,,,,,,,,,Parle Tea (250g),Beverages,13,2006.71
,,,,,,,,GGM-3910,54.52036,,,,,,,,,,,,,,,,,,,,,,,,Nestle Mouthwash (500g),Personal Care,12,2005.08
,,,,,,,,GGM-3925,50.92127,,,,,,,,,,,,,,,,,,,,,,,,Haldiram's Chips (2kg),Snacks,5,1996.2
,,,,,,,,GGM-4170,34.72178,,,,,,,,,,,,,,,,,,,,,,,,Aashirvaad Cucumber (500g),Vegetables,8,1994.8
,,,,,,,,GGM-4406,14.38356,,,,,,,,,,,,,,,,,,,,,,,,Nescafe Bread (500g),Bakery,11,1994.08
,,,,,,,,GGM-5014,25.84446,,,,,,,,,,,,,,,,,,,,,,,,Dettol Popcorn (500g),Snacks,11,1992.32
,,,,,,,,GGM-5398,50.73981,,,,,,,,,,,,,,,,,,,,,,,,Aashirvaad Band-Aid (250g),Pharma,15,1985.1
,,,,,,,,GGM-5873,53.28395,,,,,,,,,,,,,,,,,,,,,,,,Cadbury Candy (1L),Confectionery,4,1978.6
,,,,,,,,GGM-5925,80.43478,,,,,,,,,,,,,,,,,,,,,,,,Lays Butter (1L),Dairy,13,1975.09
,,,,,,,,GGM-60,19.02121,,,,,,,,,,,,,,,,,,,,,,,,Amul Cake (2kg),Bakery,8,1966.71
,,,,,,,,GGM-6110,14.72962,,,,,,,,,,,,,,,,,,,,,,,,Patanjali 0odles (250g),Packed Foods,8,1961.12
,,,,,,,,GGM-6121,14.24528,,,,,,,,,,,,,,,,,,,,,,,,Lays Pulses (1L),Grains,13,1956.63
,,,,,,,,GGM-6787,36.42285,,,,,,,,,,,,,,,,,,,,,,,,Lipton Shampoo (1L),Bath Essentials,13,1946.75
,,,,,,,,GGM-7059,12.4677,,,,,,,,,,,,,,,,,,,,,,,,Daawat Lotion (1L),Bath Essentials,8,1946.07
,,,,,,,,GGM-7125,25.71839,,,,,,,,,,,,,,,,,,,,,,,,Aashirvaad Pudding (2kg),Desserts,4,1938.64
,,,,,,,,GGM-7201,41.2987,,,,,,,,,,,,,,,,,,,,,,,,Cadbury Tea (1kg),Beverages,6,1935.66
,,,,,,,,GGM-7253,34.831,,,,,,,,,,,,,,,,,,,,,,,,Daawat Fish (2kg),Meat,9,1927.26
,,,,,,,,GGM-7380,45.82262,,,,,,,,,,,,,,,,,,,,,,,,Fresh Pork (1kg),Meat,11,1922.25
,,,,,,,,GGM-7407,20.16722,,,,,,,,,,,,,,,,,,,,,,,,Kwality Walls Coffee (500g),Beverages,5,1908.45
,,,,,,,,GGM-8413,52.02914,,,,,,,,,,,,,,,,,,,,,,,,Lipton Candy (1L),Confectionery,14,1907.36
,,,,,,,,GGM-8688,33.46522,,,,,,,,,,,,,,,,,,,,,,,,Colgate Bread (1kg),Bakery,13,1906.45
,,,,,,,,GGM-8734,73.56371,,,,,,,,,,,,,,,,,,,,,,,,Amul Gum (2kg),Confectionery,10,1899.4
,,,,,,,,GGM-8954,24.27184,,,,,,,,,,,,,,,,,,,,,,,,Lays Brownie (500g),Desserts,5,1888.35
,,,,,,,,GGM-9010,9.09091,,,,,,,,,,,,,,,,,,,,,,,,Haldiram's 0odles (2kg),Packed Foods,8,1886.72
,,,,,,,,GGM-9061,42.47039,,,,,,,,,,,,,,,,,,,,,,,,Dettol Chips (2kg),Snacks,10,1886.3
,,,,,,,,GGM-9187,66.33925,,,,,,,,,,,,,,,,,,,,,,,,Dettol Tea (250g),Beverages,7,1884.54
,,,,,,,,GGM-9309,37.0357,,,,,,,,,,,,,,,,,,,,,,,,Cadbury Grapes (1kg),Fruits,4,1883.48
,,,,,,,,GGM-9590,29.97071,,,,,,,,,,,,,,,,,,,,,,,,Parle Gum (250g),Confectionery,9,1876.32
,,,,,,,,GGM-9651,19.07514,,,,,,,,,,,,,,,,,,,,,,,,Lipton Mango (250g),Fruits,8,1871.36
,,,,,,,,GGM-9701,14.39617,,,,,,,,,,,,,,,,,,,,,,,,Colgate Cucumber (500g),Vegetables,6,1868.4
,,,,,,,,GGM-9758,59.23004,,,,,,,,,,,,,,,,,,,,,,,,Britannia Corn (250g),Grains,7,1859.83
,,,,,,,,GKR-1101,55.84082,,,,,,,,,,,,,,,,,,,,,,,,Haldiram's Deodorant (2kg),Personal Care,4,1859.4
,,,,,,,,GKR-1179,18.42351,,,,,,,,,,,,,,,,,,,,,,,,Britannia Potato (250g),Vegetables,8,1838
,,,,,,,,GKR-1229,39.96416,,,,,,,,,,,,,,,,,,,,,,,,Patanjali Mouthwash (2kg),Personal Care,8,1823.84
,,,,,,,,GKR-1588,15.03823,,,,,,,,,,,,,,,,,,,,,,,,Nestle Soap (1L),Bath Essentials,6,1823.4
,,,,,,,,GKR-1603,82.11343,,,,,,,,,,,,,,,,,,,,,,,,Patanjali Face Wash (2kg),Personal Care,11,1819.51
,,,,,,,,GKR-1637,9.29819,,,,,,,,,,,,,,,,,,,,,,,,Fresh Band-Aid (250g),Pharma,13,1819.35
,,,,,,,,GKR-2030,52.20747,,,,,,,,,,,,,,,,,,,,,,,,Britannia Cucumber (1kg),Vegetables,7,1819.23
,,,,,,,,GKR-2112,59.47387,,,,,,,,,,,,,,,,,,,,,,,,Lipton Mango (2kg),Fruits,4,1815.72
,,,,,,,,GKR-2305,15.47373,,,,,,,,,,,,,,,,,,,,,,,,Lays Antacid (500g),Pharma,5,1811.3
,,,,,,,,GKR-2411,65.56873,,,,,,,,,,,,,,,,,,,,,,,,Dove Soup (250g),Packed Foods,6,1806.6
,,,,,,,,GKR-2424,37.42274,,,,,,,,,,,,,,,,,,,,,,,,Haldiram's Energy Drink (2kg),Beverages,7,1801.59
,,,,,,,,GKR-2569,16.90701,,,,,,,,,,,,,,,,,,,,,,,,Dettol Cake (2kg),Bakery,8,1797.92
,,,,,,,,GKR-2590,50.39738,,,,,,,,,,,,,,,,,,,,,,,,Amul Energy Drink (250g),Beverages,15,1797.6
,,,,,,,,GKR-3487,52.26573,,,,,,,,,,,,,,,,,,,,,,,,Nescafe Namkeen (2kg),Snacks,5,1794.8
,,,,,,,,GKR-4108,55.23578,,,,,,,,,,,,,,,,,,,,,,,,Parle Conditioner (2kg),Bath Essentials,8,1793.92
,,,,,,,,GKR-4193,50.57661,,,,,,,,,,,,,,,,,,,,,,,,Kwality Walls Face Wash (1kg),Personal Care,9,1786.77
,,,,,,,,GKR-4245,58.46719,,,,,,,,,,,,,,,,,,,,,,,,Dettol Bun (500g),Bakery,5,1784.65
,,,,,,,,GKR-4319,13.87108,,,,,,,,,,,,,,,,,,,,,,,,Fresh Conditioner (250g),Bath Essentials,8,1782.88
,,,,,,,,GKR-4341,22.55407,,,,,,,,,,,,,,,,,,,,,,,,Parle Popcorn (250g),Snacks,13,1780.22
,,,,,,,,GKR-4360,76.11868,,,,,,,,,,,,,,,,,,,,,,,,Lipton Lotion (1L),Bath Essentials,5,1777.75
,,,,,,,,GKR-4680,39.57286,,,,,,,,,,,,,,,,,,,,,,,,Nescafe Cake Mix (1kg),Desserts,13,1772.42
,,,,,,,,GKR-4836,25.60497,,,,,,,,,,,,,,,,,,,,,,,,Aashirvaad Wheat Flour (250g),Grains,15,1770.45
,,,,,,,,GKR-4879,52.1,,,,,,,,,,,,,,,,,,,,,,,,Daawat Tea (1kg),Beverages,15,1762.15
,,,,,,,,GKR-5040,33.6481,,,,,,,,,,,,,,,,,,,,,,,,Lays Cucumber (500g),Vegetables,8,1761.68
,,,,,,,,GKR-5103,65.71429,,,,,,,,,,,,,,,,,,,,,,,,Aashirvaad Cereal (2kg),Packed Foods,11,1761.54
,,,,,,,,GKR-5280,20,,,,,,,,,,,,,,,,,,,,,,,,Aashirvaad Custard (1kg),Desserts,6,1753.8
,,,,,,,,GKR-5519,5.47579,,,,,,,,,,,,,,,,,,,,,,,,Amul Mango (2kg),Fruits,4,1751.12
,,,,,,,,GKR-5547,18.86724,,,,,,,,,,,,,,,,,,,,,,,,Colgate Apple (1kg),Fruits,5,1739.8
,,,,,,,,GKR-5562,38.6747,,,,,,,,,,,,,,,,,,,,,,,,Kwality Walls Corn (2kg),Grains,14,1733.48
,,,,,,,,GKR-5637,13.55882,,,,,,,,,,,,,,,,,,,,,,,,Dettol Banana (2kg),Fruits,5,1731.75
,,,,,,,,GKR-5738,55.10977,,,,,,,,,,,,,,,,,,,,,,,,Parle Pasta (2kg),Packed Foods,12,1731
,,,,,,,,GKR-5744,55.97972,,,,,,,,,,,,,,,,,,,,,,,,Dettol Mints (250g),Confectionery,9,1729.35
,,,,,,,,GKR-6050,48.64948,,,,,,,,,,,,,,,,,,,,,,,,Haldiram's Toothpaste (500g),Personal Care,6,1728.3
,,,,,,,,GKR-6490,18.29149,,,,,,,,,,,,,,,,,,,,,,,,Dove Soda (250g),Beverages,14,1725.92
,,,,,,,,GKR-6615,19.89343,,,,,,,,,,,,,,,,,,,,,,,,Amul Banana (500g),Fruits,9,1723.05
,,,,,,,,GKR-6740,31.18473,,,,,,,,,,,,,,,,,,,,,,,,Lays Soup (1kg),Packed Foods,15,1708.35
,,,,,,,,GKR-6794,27.04723,,,,,,,,,,,,,,,,,,,,,,,,Lipton Chicken (250g),Meat,13,1697.81
,,,,,,,,GKR-7200,54.57863,,,,,,,,,,,,,,,,,,,,,,,,Dove Pudding (1kg),Desserts,7,1695.89
,,,,,,,,GKR-730,52.96825,,,,,,,,,,,,,,,,,,,,,,,,Colgate Chicken (250g),Meat,9,1692.18
,,,,,,,,GKR-7314,72.14833,,,,,,,,,,,,,,,,,,,,,,,,Dove Pain Relief Gel (500g),Pharma,5,1685.45
,,,,,,,,GKR-8022,17.11766,,,,,,,,,,,,,,,,,,,,,,,,Daawat Paneer (500g),Dairy,8,1680.64
,,,,,,,,GKR-8124,53.18869,,,,,,,,,,,,,,,,,,,,,,,,Cadbury Toffee (1kg),Confectionery,8,1676
,,,,,,,,GKR-8154,47.16365,,,,,,,,,,,,,,,,,,,,,,,,Nescafe Barley (1kg),Grains,5,1674.65
,,,,,,,,GKR-8284,44.13905,,,,,,,,,,,,,,,,,,,,,,,,Lays Banana (250g),Fruits,4,1673.08
,,,,,,,,GKR-8558,46.67195,,,,,,,,,,,,,,,,,,,,,,,,Patanjali Paneer (500g),Dairy,4,1666.52
,,,,,,,,GKR-8924,25.44096,,,,,,,,,,,,,,,,,,,,,,,,Parle Mouthwash (500g),Personal Care,9,1657.35
,,,,,,,,GKR-9050,55,,,,,,,,,,,,,,,,,,,,,,,,Parle Sauce (2kg),Packed Foods,10,1655.3
,,,,,,,,GKR-9789,90.03964,,,,,,,,,,,,,,,,,,,,,,,,Dove Antacid (1L),Pharma,4,1648.4
,,,,,,,,HDB-1108,88.64078,,,,,,,,,,,,,,,,,,,,,,,,Britannia Gum (1kg),Confectionery,10,1645.2
,,,,,,,,HDB-1205,35.9985,,,,,,,,,,,,,,,,,,,,,,,,Britannia Carrot (500g),Vegetables,11,1644.5
,,,,,,,,HDB-1210,14.73548,,,,,,,,,,,,,,,,,,,,,,,,Fresh Chips (1L),Snacks,4,1642.96
,,,,,,,,HDB-1450,52.72569,,,,,,,,,,,,,,,,,,,,,,,,Aashirvaad Bun (1kg),Bakery,8,1639.8
,,,,,,,,HDB-1467,27.53724,,,,,,,,,,,,,,,,,,,,,,,,Kwality Walls Soap (250g),Bath Essentials,6,1636.08
,,,,,,,,HDB-220,73.85103,,,,,,,,,,,,,,,,,,,,,,,,Amul Brownie (250g),Desserts,15,1632.75
,,,,,,,,HDB-2210,63.14472,,,,,,,,,,,,,,,,,,,,,,,,Haldiram's Corn (1L),Grains,9,1630.89
,,,,,,,,HDB-2259,75.56,,,,,,,,,,,,,,,,,,,,,,,,Patanjali Ice Cream (1kg),Desserts,6,1626.66
,,,,,,,,HDB-2477,46.16672,,,,,,,,,,,,,,,,,,,,,,,,Cadbury Vitamin C (1kg),Pharma,4,1622.24
,,,,,,,,HDB-2487,27.38061,,,,,,,,,,,,,,,,,,,,,,,,Cadbury Toffee (500g),Confectionery,4,1620.64
,,,,,,,,HDB-2771,40.57097,,,,,,,,,,,,,,,,,,,,,,,,Cadbury Deodorant (2kg),Personal Care,4,1612.2
,,,,,,,,HDB-3476,31.30435,,,,,,,,,,,,,,,,,,,,,,,,Dettol Mango (250g),Fruits,15,1611.45
,,,,,,,,HDB-3531,45.9298,,,,,,,,,,,,,,,,,,,,,,,,Fresh Chocolate (250g),Confectionery,8,1607.44
,,,,,,,,HDB-3629,40.04337,,,,,,,,,,,,,,,,,,,,,,,,Lays Soap (500g),Bath Essentials,4,1605.16
,,,,,,,,HDB-4056,33.21093,,,,,,,,,,,,,,,,,,,,,,,,Cadbury Tomato (1L),Vegetables,5,1596.8
,,,,,,,,HDB-4100,23.42216,,,,,,,,,,,,,,,,,,,,,,,,Patanjali Rice (2kg),Grains,4,1580.64
,,,,,,,,HDB-4109,27.54763,,,,,,,,,,,,,,,,,,,,,,,,Cadbury Deodorant (500g),Personal Care,4,1578.12
,,,,,,,,HDB-4463,34.18543,,,,,,,,,,,,,,,,,,,,,,,,Dettol Cake (250g),Bakery,8,1573.12
,,,,,,,,HDB-5064,4.53752,,,,,,,,,,,,,,,,,,,,,,,,Kwality Walls Mints (1kg),Confectionery,8,1545.2
,,,,,,,,HDB-5140,23.32494,,,,,,,,,,,,,,,,,,,,,,,,Parle Energy Drink (1L),Beverages,5,1534.75
,,,,,,,,HDB-5561,53.414,,,,,,,,,,,,,,,,,,,,,,,,Nescafe Paracetamol (1L),Pharma,6,1525.08
,,,,,,,,HDB-5572,18.06756,,,,,,,,,,,,,,,,,,,,,,,,Britannia Carrot (2kg),Vegetables,5,1516.65
,,,,,,,,HDB-5631,43.28547,,,,,,,,,,,,,,,,,,,,,,,,Lipton Cheese (2kg),Dairy,13,1509.3
,,,,,,,,HDB-5815,5.96628,,,,,,,,,,,,,,,,,,,,,,,,Aashirvaad Conditioner (2kg),Bath Essentials,12,1506.96
,,,,,,,,HDB-5878,46.30996,,,,,,,,,,,,,,,,,,,,,,,,Amul Cake (1kg),Bakery,11,1503.59
,,,,,,,,HDB-6801,55.29232,,,,,,,,,,,,,,,,,,,,,,,,Fresh Antacid (2kg),Pharma,4,1497.56
,,,,,,,,HDB-7161,74.9409,,,,,,,,,,,,,,,,,,,,,,,,Parle Sauce (250g),Packed Foods,6,1493.76
,,,,,,,,HDB-7531,54.21003,,,,,,,,,,,,,,,,,,,,,,,,Kwality Walls Chicken (1kg),Meat,9,1487.07
,,,,,,,,HDB-8087,12.94153,,,,,,,,,,,,,,,,,,,,,,,,Nescafe Soap (250g),Bath Essentials,15,1485.9
,,,,,,,,HDB-8121,19.06433,,,,,,,,,,,,,,,,,,,,,,,,Patanjali Orange (250g),Fruits,10,1484.5
,,,,,,,,HDB-8304,55.72354,,,,,,,,,,,,,,,,,,,,,,,,Lays Juice (500g),Beverages,10,1483.28
,,,,,,,,HDB-8480,15.57562,,,,,,,,,,,,,,,,,,,,,,,,Cadbury Soup (250g),Packed Foods,6,1479.36
,,,,,,,,HDB-8505,67.62918,,,,,,,,,,,,,,,,,,,,,,,,Lipton Pain Relief Gel (250g),Pharma,3,1479.3
,,,,,,,,HDB-8739,13.13244,,,,,,,,,,,,,,,,,,,,,,,,Lipton Fish (250g),Meat,10,1472.1
,,,,,,,,HDB-8805,96.04938,,,,,,,,,,,,,,,,,,,,,,,,Daawat Chips (250g),Snacks,5,1460.5
,,,,,,,,HDB-9153,33.92505,,,,,,,,,,,,,,,,,,,,,,,,Patanjali Barley (500g),Grains,13,1453.14
,,,,,,,,HDB-9154,26.31345,,,,,,,,,,,,,,,,,,,,,,,,Amul Bun (1L),Bakery,9,1445.76
,,,,,,,,HDB-9242,16.2382,,,,,,,,,,,,,,,,,,,,,,,,Nestle Body Wash (250g),Bath Essentials,4,1442.16
,,,,,,,,HDB-9320,39.75045,,,,,,,,,,,,,,,,,,,,,,,,Daawat Band-Aid (500g),Pharma,6,1440.96
,,,,,,,,HDB-9371,31.77109,,,,,,,,,,,,,,,,,,,,,,,,Aashirvaad Chicken (250g),Meat,6,1438.68
,,,,,,,,IDE-1518,32.85293,,,,,,,,,,,,,,,,,,,,,,,,Nescafe Lotion (2kg),Bath Essentials,14,1436.26
,,,,,,,,IDE-1643,52.20764,,,,,,,,,,,,,,,,,,,,,,,,Lipton Paracetamol (2kg),Pharma,14,1435.28
,,,,,,,,IDE-1752,39.55063,,,,,,,,,,,,,,,,,,,,,,,,Parle Nachos (500g),Snacks,4,1434.35
,,,,,,,,IDE-180,21.88522,,,,,,,,,,,,,,,,,,,,,,,,Lays Apple (1kg),Fruits,8,1420.16
,,,,,,,,IDE-2018,25.03226,,,,,,,,,,,,,,,,,,,,,,,,Kwality Walls Fish (500g),Meat,9,1405.35
,,,,,,,,IDE-2200,20.92822,,,,,,,,,,,,,,,,,,,,,,,,Fresh Biscuits (500g),Snacks,3,1404.3
,,,,,,,,IDE-2308,61.57261,,,,,,,,,,,,,,,,,,,,,,,,Daawat Deodorant (2kg),Personal Care,14,1400.14
,,,,,,,,IDE-2331,35.13196,,,,,,,,,,,,,,,,,,,,,,,,Fresh Soda (500g),Beverages,6,1388.94
,,,,,,,,IDE-2618,69.2826,,,,,,,,,,,,,,,,,,,,,,,,Aashirvaad Bagel (500g),Bakery,5,1385.9
,,,,,,,,IDE-2725,79.93255,,,,,,,,,,,,,,,,,,,,,,,,Britannia Soda (500g),Beverages,4,1384.96
,,,,,,,,IDE-3012,42.59435,,,,,,,,,,,,,,,,,,,,,,,,Cadbury Chips (500g),Snacks,12,1381.08
,,,,,,,,IDE-3048,13.42579,,,,,,,,,,,,,,,,,,,,,,,,Daawat Band-Aid (1L),Pharma,11,1380.5
,,,,,,,,IDE-360,6.5534,,,,,,,,,,,,,,,,,,,,,,,,Lipton Banana (500g),Fruits,9,1379.16
,,,,,,,,IDE-4026,51.88917,,,,,,,,,,,,,,,,,,,,,,,,Haldiram's Soda (500g),Beverages,8,1378.72
,,,,,,,,IDE-4650,76.29741,,,,,,,,,,,,,,,,,,,,,,,,Haldiram's Banana (1kg),Fruits,3,1358.22
,,,,,,,,IDE-4653,22.55414,,,,,,,,,,,,,,,,,,,,,,,,Kwality Walls Fish (2kg),Meat,3,1353.72
,,,,,,,,IDE-5100,9.81094,,,,,,,,,,,,,,,,,,,,,,,,Nestle Paneer (500g),Dairy,13,1353.56
,,,,,,,,IDE-5305,12.60015,,,,,,,,,,,,,,,,,,,,,,,,Parle Paracetamol (1kg),Pharma,13,1351.74
,,,,,,,,IDE-5346,39.56813,,,,,,,,,,,,,,,,,,,,,,,,Nescafe Bagel (1kg),Bakery,10,1341.4
,,,,,,,,IDE-5984,52.72452,,,,,,,,,,,,,,,,,,,,,,,,Britannia Cake Mix (250g),Desserts,8,1340.96
,,,,,,,,IDE-6105,24.03128,,,,,,,,,,,,,,,,,,,,,,,,Daawat Pork (500g),Meat,5,1339.8
,,,,,,,,IDE-6365,11.44698,,,,,,,,,,,,,,,,,,,,,,,,Nestle Bread (1kg),Bakery,13,1337.96
,,,,,,,,IDE-6509,71.52318,,,,,,,,,,,,,,,,,,,,,,,,Nescafe Onion (250g),Vegetables,7,1336.79
,,,,,,,,IDE-6556,28.64368,,,,,,,,,,,,,,,,,,,,,,,,Patanjali Corn (2kg),Grains,9,1332.99
,,,,,,,,IDE-6690,21.08869,,,,,,,,,,,,,,,,,,,,,,,,Amul Carrot (250g),Vegetables,7,1321.25
,,,,,,,,IDE-6768,78.13602,,,,,,,,,,,,,,,,,,,,,,,,Fresh Paracetamol (1kg),Pharma,10,1309.2
,,,,,,,,IDE-6883,49.79375,,,,,,,,,,,,,,,,,,,,,,,,Dettol Mouthwash (1L),Personal Care,6,1307.94
,,,,,,,,IDE-7159,39.1182,,,,,,,,,,,,,,,,,,,,,,,,Nescafe Barley (1L),Grains,10,1294.3
,,,,,,,,IDE-7180,33.74778,,,,,,,,,,,,,,,,,,,,,,,,Dove Biscuits (1L),Snacks,4,1292.52
,,,,,,,,IDE-7548,39.37294,,,,,,,,,,,,,,,,,,,,,,,,Aashirvaad Brownie (1kg),Desserts,8,1284.96
,,,,,,,,IDE-8503,23.28571,,,,,,,,,,,,,,,,,,,,,,,,Lipton Carrot (250g),Vegetables,3,1282.2
,,,,,,,,IDE-9137,18.80847,,,,,,,,,,,,,,,,,,,,,,,,Haldiram's Band-Aid (250g),Pharma,5,1280.95
,,,,,,,,IDE-9258,51.666,,,,,,,,,,,,,,,,,,,,,,,,Amul Paracetamol (1L),Pharma,11,1278.42
,,,,,,,,IDE-9272,20.51191,,,,,,,,,,,,,,,,,,,,,,,,Colgate Popcorn (1kg),Snacks,5,1278.35
,,,,,,,,IDE-9534,17.14162,,,,,,,,,,,,,,,,,,,,,,,,Aashirvaad Pasta (1L),Packed Foods,5,1273.1
,,,,,,,,IDE-9690,7.85455,,,,,,,,,,,,,,,,,,,,,,,,Patanjali 0odles (500g),Packed Foods,9,1268.46
,,,,,,,,IDE-9718,29.80178,,,,,,,,,,,,,,,,,,,,,,,,Daawat Mango (2kg),Fruits,13,1267.5
,,,,,,,,JPR-1360,17.79407,,,,,,,,,,,,,,,,,,,,,,,,Cadbury Cucumber (250g),Vegetables,5,1266
,,,,,,,,JPR-1482,42.69934,,,,,,,,,,,,,,,,,,,,,,,,Amul Paracetamol (2kg),Pharma,8,1265.28
,,,,,,,,JPR-2174,5.51154,,,,,,,,,,,,,,,,,,,,,,,,Fresh Pork (250g),Meat,4,1239.52
,,,,,,,,JPR-2732,35.25958,,,,,,,,,,,,,,,,,,,,,,,,Nestle Pain Relief Gel (500g),Pharma,10,1233.9
,,,,,,,,JPR-2890,34.55788,,,,,,,,,,,,,,,,,,,,,,,,Nestle Corn (1kg),Grains,6,1232.34
,,,,,,,,JPR-3012,64.4198,,,,,,,,,,,,,,,,,,,,,,,,Cadbury Toffee (250g),Confectionery,6,1219.8
,,,,,,,,JPR-3068,7.25552,,,,,,,,,,,,,,,,,,,,,,,,Cadbury Vitamin C (250g),Pharma,3,1218.27
,,,,,,,,JPR-3206,19.44102,,,,,,,,,,,,,,,,,,,,,,,,Nestle Mints (2kg),Confectionery,7,1218.07
,,,,,,,,JPR-3328,57.00435,,,,,,,,,,,,,,,,,,,,,,,,Aashirvaad Ice Cream (250g),Desserts,3,1218
,,,,,,,,JPR-3730,6.82361,,,,,,,,,,,,,,,,,,,,,,,,Parle Chips (500g),Snacks,5,1217.75
,,,,,,,,JPR-3972,15.23983,,,,,,,,,,,,,,,,,,,,,,,,Cadbury Mango (1L),Fruits,3,1215.96
,,,,,,,,JPR-3982,11.0746,,,,,,,,,,,,,,,,,,,,,,,,Dettol Face Wash (500g),Personal Care,19,1212.61
,,,,,,,,JPR-4058,65.35321,,,,,,,,,,,,,,,,,,,,,,,,Britannia Mouthwash (2kg),Personal Care,6,1200.78
,,,,,,,,JPR-4096,32.54137,,,,,,,,,,,,,,,,,,,,,,,,Haldiram's Milk (2kg),Dairy,3,1200.15
,,,,,,,,JPR-4576,79.7569,,,,,,,,,,,,,,,,,,,,,,,,Fresh Candy (1kg),Confectionery,4,1196.76
,,,,,,,,JPR-4647,43.78646,,,,,,,,,,,,,,,,,,,,,,,,Parle Rice (250g),Grains,13,1194.83
,,,,,,,,JPR-4689,34.95805,,,,,,,,,,,,,,,,,,,,,,,,Cadbury Rice (2kg),Grains,5,1188.4
,,,,,,,,JPR-5537,54.71478,,,,,,,,,,,,,,,,,,,,,,,,Parle Cucumber (250g),Vegetables,11,1186.46
,,,,,,,,JPR-5785,35.26932,,,,,,,,,,,,,,,,,,,,,,,,Fresh Mints (500g),Confectionery,4,1183.64
,,,,,,,,JPR-5888,16.97638,,,,,,,,,,,,,,,,,,,,,,,,Parle Chocolate (250g),Confectionery,10,1181.1
,,,,,,,,JPR-6443,13.53583,,,,,,,,,,,,,,,,,,,,,,,,Dove Brownie (1kg),Desserts,5,1179.57
,,,,,,,,JPR-6470,39.66327,,,,,,,,,,,,,,,,,,,,,,,,Dettol Soap (1L),Bath Essentials,6,1175.34
,,,,,,,,JPR-6500,92.05128,,,,,,,,,,,,,,,,,,,,,,,,Dove Biscuits (2kg),Snacks,8,1162.64
,,,,,,,,JPR-6618,39.31138,,,,,,,,,,,,,,,,,,,,,,,,Dettol Rice (500g),Grains,3,1155.21
,,,,,,,,JPR-6624,48.02444,,,,,,,,,,,,,,,,,,,,,,,,Dettol Carrot (1L),Vegetables,3,1137.84
,,,,,,,,JPR-6863,69.59799,,,,,,,,,,,,,,,,,,,,,,,,Nestle Mouthwash (1L),Personal Care,10,1130.5
,,,,,,,,JPR-7026,58.88343,,,,,,,,,,,,,,,,,,,,,,,,Dettol Potato (1kg),Vegetables,13,1125.54
,,,,,,,,JPR-7340,53.12704,,,,,,,,,,,,,,,,,,,,,,,,Fresh Namkeen (1L),Snacks,4,1123.72
,,,,,,,,JPR-7641,94.35976,,,,,,,,,,,,,,,,,,,,,,,,Patanjali Croissant (1L),Bakery,11,1121.45
,,,,,,,,JPR-8087,29.70822,,,,,,,,,,,,,,,,,,,,,,,,Daawat Deodorant (250g),Personal Care,4,1113.44
,,,,,,,,JPR-8307,50.78261,,,,,,,,,,,,,,,,,,,,,,,,Aashirvaad Chocolate (250g),Confectionery,17,1099.78
,,,,,,,,JPR-8435,56.62474,,,,,,,,,,,,,,,,,,,,,,,,Lays Croissant (2kg),Bakery,13,1092.78
,,,,,,,,JPR-8540,25.3693,,,,,,,,,,,,,,,,,,,,,,,,Nescafe Carrot (1kg),Vegetables,9,1090.98
,,,,,,,,JPR-8581,52.04204,,,,,,,,,,,,,,,,,,,,,,,,Lipton Corn (500g),Grains,16,1087.4
,,,,,,,,JPR-8776,37.64591,,,,,,,,,,,,,,,,,,,,,,,,Nescafe Soap (500g),Bath Essentials,12,1082.16
,,,,,,,,JPR-8893,44.41489,,,,,,,,,,,,,,,,,,,,,,,,Lipton Pork (2kg),Meat,4,1076.48
,,,,,,,,JPR-8918,62.54417,,,,,,,,,,,,,,,,,,,,,,,,Britannia Antacid (1kg),Pharma,7,1074.92
,,,,,,,,JPR-9159,55.01949,,,,,,,,,,,,,,,,,,,,,,,,Fresh Pork (500g),Meat,13,1074.84
,,,,,,,,JPR-9322,30.79268,,,,,,,,,,,,,,,,,,,,,,,,Aashirvaad Namkeen (1kg),Snacks,12,1071.12
,,,,,,,,JPR-9698,38.69265,,,,,,,,,,,,,,,,,,,,,,,,Kwality Walls Pasta (1kg),Packed Foods,10,1064.3
,,,,,,,,KKA-1154,61.63738,,,,,,,,,,,,,,,,,,,,,,,,Nestle Candy (1L),Confectionery,10,1045.9
,,,,,,,,KKA-1162,40.11188,,,,,,,,,,,,,,,,,,,,,,,,Patanjali Body Wash (500g),Bath Essentials,6,1042.68
,,,,,,,,KKA-1338,7.70428,,,,,,,,,,,,,,,,,,,,,,,,Kwality Walls Razor (1L),Personal Care,8,1042.16
,,,,,,,,KKA-1650,52.38579,,,,,,,,,,,,,,,,,,,,,,,,Colgate Banana (2kg),Fruits,5,1040
,,,,,,,,KKA-1959,50.53578,,,,,,,,,,,,,,,,,,,,,,,,Lipton Mouthwash (2kg),Personal Care,3,1036.29
,,,,,,,,KKA-1966,25.63818,,,,,,,,,,,,,,,,,,,,,,,,Lays Popcorn (500g),Snacks,3,1035.34
,,,,,,,,KKA-1968,32.1875,,,,,,,,,,,,,,,,,,,,,,,,Parle Vitamin C (1kg),Pharma,9,1034.28
,,,,,,,,KKA-1997,56.29259,,,,,,,,,,,,,,,,,,,,,,,,Dove Body Wash (500g),Bath Essentials,11,1031.37
,,,,,,,,KKA-4744,74.11576,,,,,,,,,,,,,,,,,,,,,,,,Dettol Chicken (500g),Meat,4,1029.2
,,,,,,,,KKA-4894,12.52472,,,,,,,,,,,,,,,,,,,,,,,,Colgate Barley (1L),Grains,10,1017.4
,,,,,,,,KKA-5310,43.62616,,,,,,,,,,,,,,,,,,,,,,,,Patanjali Energy Drink (500g),Beverages,3,1017.3
,,,,,,,,KKA-5477,70.66052,,,,,,,,,,,,,,,,,,,,,,,,Haldiram's Butter (500g),Dairy,4,1016.96
,,,,,,,,KKA-5663,54.17941,,,,,,,,,,,,,,,,,,,,,,,,Amul Cake Mix (1L),Desserts,3,1011.93
,,,,,,,,KKA-6251,18.37429,,,,,,,,,,,,,,,,,,,,,,,,Haldiram's Ice Cream (500g),Desserts,3,1005.15
,,,,,,,,KKA-6315,39.75241,,,,,,,,,,,,,,,,,,,,,,,,Daawat Rice (1kg),Grains,11,997.15
,,,,,,,,KKA-6364,44.37229,,,,,,,,,,,,,,,,,,,,,,,,Parle Carrot (2kg),Vegetables,8,996.8
,,,,,,,,KKA-6430,25.72292,,,,,,,,,,,,,,,,,,,,,,,,Amul Cereal (2kg),Packed Foods,2,992.04
,,,,,,,,KKA-6567,69.88569,,,,,,,,,,,,,,,,,,,,,,,,Colgate Cereal (1kg),Packed Foods,9,991.89
,,,,,,,,KKA-6808,55.74713,,,,,,,,,,,,,,,,,,,,,,,,Haldiram's Apple (1L),Fruits,9,990
,,,,,,,,KKA-6834,18.80156,,,,,,,,,,,,,,,,,,,,,,,,Nestle Juice (1kg),Beverages,10,983.9
,,,,,,,,KKA-6877,15.46082,,,,,,,,,,,,,,,,,,,,,,,,Patanjali Soap (500g),Bath Essentials,4,981.92
,,,,,,,,KKA-7128,30.73123,,,,,,,,,,,,,,,,,,,,,,,,Nestle Deodorant (2kg),Personal Care,6,981.84
,,,,,,,,KKA-7283,18.75218,,,,,,,,,,,,,,,,,,,,,,,,Kwality Walls Pudding (500g),Desserts,13,977.86
,,,,,,,,KKA-7461,39.28337,,,,,,,,,,,,,,,,,,,,,,,,Daawat Soap (2kg),Bath Essentials,13,973.57
,,,,,,,,KKA-7942,38.37685,,,,,,,,,,,,,,,,,,,,,,,,Haldiram's Pulses (500g),Grains,3,967.2
,,,,,,,,KKA-8115,47.91667,,,,,,,,,,,,,,,,,,,,,,,,Aashirvaad Namkeen (500g),Snacks,3,958.02
,,,,,,,,KKA-8918,36.21231,,,,,,,,,,,,,,,,,,,,,,,,Colgate Rice (500g),Grains,2,950.94
,,,,,,,,KKA-9473,21.54383,,,,,,,,,,,,,,,,,,,,,,,,Lipton Mints (2kg),Confectionery,2,946.32
,,,,,,,,KKA-9852,52.02312,,,,,,,,,,,,,,,,,,,,,,,,Lipton Cake (500g),Bakery,3,931.38
,,,,,,,,KKA-9888,68.36382,,,,,,,,,,,,,,,,,,,,,,,,Parle Chips (1L),Snacks,6,922.2
,,,,,,,,LKO-1298,14.19054,,,,,,,,,,,,,,,,,,,,,,,,Nestle Brownie (1kg),Desserts,3,921.3
,,,,,,,,LKO-1570,41.91112,,,,,,,,,,,,,,,,,,,,,,,,Daawat Antacid (1L),Pharma,2,919.26
,,,,,,,,LKO-1607,35.11683,,,,,,,,,,,,,,,,,,,,,,,,Kwality Walls Brownie (1kg),Desserts,2,917.18
,,,,,,,,LKO-1620,61.33672,,,,,,,,,,,,,,,,,,,,,,,,Haldiram's Juice (1L),Beverages,2,916.5
,,,,,,,,LKO-1680,51.7604,,,,,,,,,,,,,,,,,,,,,,,,Britannia Toothpaste (500g),Personal Care,9,916.47
,,,,,,,,LKO-2365,6.21891,,,,,,,,,,,,,,,,,,,,,,,,Dove 0odles (1kg),Packed Foods,12,915.24
,,,,,,,,LKO-2433,33.75546,,,,,,,,,,,,,,,,,,,,,,,,Nescafe Corn (2kg),Grains,2,914.98
,,,,,,,,LKO-2763,71.92492,,,,,,,,,,,,,,,,,,,,,,,,Haldiram's Namkeen (1L),Snacks,2,914.18
,,,,,,,,LKO-3000,27.36648,,,,,,,,,,,,,,,,,,,,,,,,Fresh Energy Drink (250g),Beverages,2,910.86
,,,,,,,,LKO-3510,46.44289,,,,,,,,,,,,,,,,,,,,,,,,Aashirvaad Juice (1kg),Beverages,14,909.86
,,,,,,,,LKO-3650,6.10866,,,,,,,,,,,,,,,,,,,,,,,,Patanjali Cucumber (500g),Vegetables,12,909
,,,,,,,,LKO-3845,26.70623,,,,,,,,,,,,,,,,,,,,,,,,Lays Wheat Flour (1L),Grains,3,905.85
,,,,,,,,LKO-3884,10.36036,,,,,,,,,,,,,,,,,,,,,,,,Britannia Nachos (250g),Snacks,2,899.76
,,,,,,,,LKO-3940,24.94962,,,,,,,,,,,,,,,,,,,,,,,,Amul Cake Mix (2kg),Desserts,2,895.86
,,,,,,,,LKO-4147,39.4152,,,,,,,,,,,,,,,,,,,,,,,,Daawat Nachos (2kg),Snacks,10,895
,,,,,,,,LKO-4740,25.97285,,,,,,,,,,,,,,,,,,,,,,,,Lipton Vitamin C (500g),Pharma,11,889.35
,,,,,,,,LKO-6032,29.51761,,,,,,,,,,,,,,,,,,,,,,,,Britannia Paneer (250g),Dairy,7,880.95
,,,,,,,,LKO-6093,67.57071,,,,,,,,,,,,,,,,,,,,,,,,Parle Carrot (250g),Vegetables,7,880.53
,,,,,,,,LKO-6216,25.65158,,,,,,,,,,,,,,,,,,,,,,,,Patanjali Mints (1L),Confectionery,7,879.2
,,,,,,,,LKO-6587,32.79243,,,,,,,,,,,,,,,,,,,,,,,,Aashirvaad Popcorn (2kg),Snacks,3,876.3
,,,,,,,,LKO-6892,60.48572,,,,,,,,,,,,,,,,,,,,,,,,Dove Bun (500g),Bakery,2,876.28
,,,,,,,,LKO-7252,67.12215,,,,,,,,,,,,,,,,,,,,,,,,Colgate Paneer (1L),Dairy,2,870.4
,,,,,,,,LKO-7559,36.25994,,,,,,,,,,,,,,,,,,,,,,,,Fresh Fish (250g),Meat,4,861.39
,,,,,,,,LKO-7580,7.52801,,,,,,,,,,,,,,,,,,,,,,,,Colgate Bagel (2kg),Bakery,3,853.44
,,,,,,,,LKO-7632,38.24713,,,,,,,,,,,,,,,,,,,,,,,,Lipton Body Wash (2kg),Bath Essentials,9,851.67
,,,,,,,,LKO-7965,51.9403,,,,,,,,,,,,,,,,,,,,,,,,Lipton Namkeen (1L),Snacks,2,846.56
,,,,,,,,LKO-8455,12.46351,,,,,,,,,,,,,,,,,,,,,,,,Dettol Cake Mix (2kg),Desserts,7,845.88
,,,,,,,,LKO-9193,53.96825,,,,,,,,,,,,,,,,,,,,,,,,Nestle Cake Mix (2kg),Desserts,4,845.68
,,,,,,,,MUM-1010,11.65444,,,,,,,,,,,,,,,,,,,,,,,,Fresh Chips (2kg),Snacks,6,836.94
,,,,,,,,MUM-1090,67.21154,,,,,,,,,,,,,,,,,,,,,,,,Fresh Nachos (1kg),Snacks,4,831.4
,,,,,,,,MUM-1118,46.77419,,,,,,,,,,,,,,,,,,,,,,,,Kwality Walls Cucumber (500g),Vegetables,2,830.82
,,,,,,,,MUM-1666,40.5562,,,,,,,,,,,,,,,,,,,,,,,,Britannia Face Wash (2kg),Personal Care,2,830.32
,,,,,,,,MUM-1916,26.28942,,,,,,,,,,,,,,,,,,,,,,,,Parle Cake Mix (250g),Desserts,6,825.72
,,,,,,,,MUM-2211,28.76996,,,,,,,,,,,,,,,,,,,,,,,,Lipton Beef (500g),Meat,2,823.8
,,,,,,,,MUM-2223,81.30337,,,,,,,,,,,,,,,,,,,,,,,,Nescafe Chocolate (250g),Confectionery,4,823.52
,,,,,,,,MUM-2460,44.62742,,,,,,,,,,,,,,,,,,,,,,,,Lipton Cereal (2kg),Packed Foods,3,821.88
,,,,,,,,MUM-2481,8.71111,,,,,,,,,,,,,,,,,,,,,,,,Dove Chicken (250g),Meat,3,821.49
,,,,,,,,MUM-2612,12.62251,,,,,,,,,,,,,,,,,,,,,,,,Dettol Bread (1L),Bakery,4,821.16
,,,,,,,,MUM-2700,43.61247,,,,,,,,,,,,,,,,,,,,,,,,Fresh Soap (1L),Bath Essentials,13,812.89
,,,,,,,,MUM-3036,22.10983,,,,,,,,,,,,,,,,,,,,,,,,Fresh Potato (1L),Vegetables,6,809.52
,,,,,,,,MUM-3083,27.23591,,,,,,,,,,,,,,,,,,,,,,,,Kwality Walls Juice (500g),Beverages,2,803.74
,,,,,,,,MUM-3154,40.45636,,,,,,,,,,,,,,,,,,,,,,,,Nescafe Tea (500g),Beverages,8,800.8
,,,,,,,,MUM-3170,10.86382,,,,,,,,,,,,,,,,,,,,,,,,Lays Custard (2kg),Desserts,12,800.76
,,,,,,,,MUM-3833,16.99201,,,,,,,,,,,,,,,,,,,,,,,,Dettol Antacid (1kg),Pharma,7,798.7
,,,,,,,,MUM-3947,18.10306,,,,,,,,,,,,,,,,,,,,,,,,Lays Chips (500g),Snacks,13,788.32
,,,,,,,,MUM-4228,35.96278,,,,,,,,,,,,,,,,,,,,,,,,Patanjali Milk (2kg),Dairy,3,785.94
,,,,,,,,MUM-4233,57.81846,,,,,,,,,,,,,,,,,,,,,,,,Patanjali Band-Aid (250g),Pharma,2,784.62
,,,,,,,,MUM-4237,43.2354,,,,,,,,,,,,,,,,,,,,,,,,Patanjali Grapes (1kg),Fruits,7,779.87
,,,,,,,,MUM-4964,26.74714,,,,,,,,,,,,,,,,,,,,,,,,Colgate Lotion (1L),Bath Essentials,3,770.37
,,,,,,,,MUM-5025,19.0571,,,,,,,,,,,,,,,,,,,,,,,,Dove Toffee (1kg),Confectionery,10,768.3
,,,,,,,,MUM-5291,59.45543,,,,,,,,,,,,,,,,,,,,,,,,Nescafe Brownie (500g),Desserts,2,762.28
,,,,,,,,MUM-5780,48.36824,,,,,,,,,,,,,,,,,,,,,,,,Colgate Apple (500g),Fruits,3,749.64
,,,,,,,,MUM-6117,79.46247,,,,,,,,,,,,,,,,,,,,,,,,Nescafe Grapes (2kg),Fruits,3,745.35
,,,,,,,,MUM-6345,50.23457,,,,,,,,,,,,,,,,,,,,,,,,Cadbury Band-Aid (2kg),Pharma,2,741.02
,,,,,,,,MUM-6360,56.81186,,,,,,,,,,,,,,,,,,,,,,,,Cadbury Bread (250g),Bakery,3,741
,,,,,,,,MUM-6394,47.0622,,,,,,,,,,,,,,,,,,,,,,,,Dove Chocolate (500g),Confectionery,3,739.71
,,,,,,,,MUM-6742,62.31248,,,,,,,,,,,,,,,,,,,,,,,,Nescafe Shampoo (1kg),Bath Essentials,2,734.74
,,,,,,,,MUM-7750,9.16749,,,,,,,,,,,,,,,,,,,,,,,,Lays Custard (1L),Desserts,10,734.4
,,,,,,,,MUM-7804,51.72794,,,,,,,,,,,,,,,,,,,,,,,,Lipton Yogurt (1L),Dairy,10,727.5
,,,,,,,,MUM-8590,49.78966,,,,,,,,,,,,,,,,,,,,,,,,Lays Tomato (500g),Vegetables,5,726.2
,,,,,,,,MUM-8972,12.71249,,,,,,,,,,,,,,,,,,,,,,,,Cadbury Lotion (500g),Bath Essentials,9,723.96
,,,,,,,,MUM-9488,18.53301,,,,,,,,,,,,,,,,,,,,,,,,Daawat Carrot (1L),Vegetables,10,713.3
,,,,,,,,MUM-9489,61.89516,,,,,,,,,,,,,,,,,,,,,,,,Haldiram's Pudding (2kg),Desserts,7,706.44
,,,,,,,,MUM-9778,14.96797,,,,,,,,,,,,,,,,,,,,,,,,Patanjali Chicken (2kg),Meat,3,704.31
,,,,,,,,MUM-9813,78.77532,,,,,,,,,,,,,,,,,,,,,,,,Nescafe Tomato (1kg),Vegetables,6,702.24
,,,,,,,,NOA-1054,33.58116,,,,,,,,,,,,,,,,,,,,,,,,Aashirvaad Pork (500g),Meat,11,701.69
,,,,,,,,NOA-1078,10.22727,,,,,,,,,,,,,,,,,,,,,,,,Haldiram's Band-Aid (1kg),Pharma,4,694.64
,,,,,,,,NOA-1976,28.8072,,,,,,,,,,,,,,,,,,,,,,,,Nestle Custard (500g),Desserts,11,685.41
,,,,,,,,NOA-1998,6.77382,,,,,,,,,,,,,,,,,,,,,,,,Parle Mutton (250g),Meat,10,683.8
,,,,,,,,NOA-2169,46.50977,,,,,,,,,,,,,,,,,,,,,,,,Colgate Butter (1L),Dairy,10,682.9
,,,,,,,,NOA-2250,31.30016,,,,,,,,,,,,,,,,,,,,,,,,Haldiram's Wheat Flour (1L),Grains,2,680.5
,,,,,,,,NOA-2304,49.12281,,,,,,,,,,,,,,,,,,,,,,,,Colgate Fish (250g),Meat,15,671.55
,,,,,,,,NOA-3126,45.55639,,,,,,,,,,,,,,,,,,,,,,,,Cadbury Conditioner (1kg),Bath Essentials,9,670.41
,,,,,,,,NOA-3350,13.88003,,,,,,,,,,,,,,,,,,,,,,,,Lipton Lotion (1kg),Bath Essentials,3,665.79
,,,,,,,,NOA-3861,54.33255,,,,,,,,,,,,,,,,,,,,,,,,Patanjali Popcorn (250g),Snacks,8,659.92
,,,,,,,,NOA-4018,51.9944,,,,,,,,,,,,,,,,,,,,,,,,Aashirvaad Grapes (2kg),Fruits,10,658.7
,,,,,,,,NOA-4248,50.16995,,,,,,,,,,,,,,,,,,,,,,,,Britannia Tomato (500g),Vegetables,5,648.9
,,,,,,,,NOA-4429,77.73009,,,,,,,,,,,,,,,,,,,,,,,,Aashirvaad Rice (250g),Grains,2,647.7
,,,,,,,,NOA-4492,78.11088,,,,,,,,,,,,,,,,,,,,,,,,Lipton Soup (250g),Packed Foods,5,641.98
,,,,,,,,NOA-4516,78.05772,,,,,,,,,,,,,,,,,,,,,,,,Britannia Cereal (2kg),Packed Foods,11,632.94
,,,,,,,,NOA-5230,49.12995,,,,,,,,,,,,,,,,,,,,,,,,Lipton Soup (1kg),Packed Foods,3,631.92
,,,,,,,,NOA-5600,46.30307,,,,,,,,,,,,,,,,,,,,,,,,Lays Energy Drink (250g),Beverages,8,630.32
,,,,,,,,NOA-6018,64.61787,,,,,,,,,,,,,,,,,,,,,,,,Lipton Wheat Flour (250g),Grains,5,626.85
,,,,,,,,NOA-6062,18.98041,,,,,,,,,,,,,,,,,,,,,,,,Aashirvaad Carrot (250g),Vegetables,13,622.57
,,,,,,,,NOA-6271,41.25042,,,,,,,,,,,,,,,,,,,,,,,,Daawat Pudding (250g),Desserts,6,621.66
,,,,,,,,NOA-6365,45.26902,,,,,,,,,,,,,,,,,,,,,,,,Colgate Bun (500g),Bakery,4,619.12
,,,,,,,,NOA-6633,57.01923,,,,,,,,,,,,,,,,,,,,,,,,Dettol Deodorant (1L),Personal Care,9,616.77
,,,,,,,,NOA-6662,22.35142,,,,,,,,,,,,,,,,,,,,,,,,Parle Custard (1kg),Desserts,2,613.6
,,,,,,,,NOA-6740,46.53495,,,,,,,,,,,,,,,,,,,,,,,,Nescafe Soda (500g),Beverages,2,612.04
,,,,,,,,NOA-6810,27.56253,,,,,,,,,,,,,,,,,,,,,,,,Nescafe Soap (1L),Bath Essentials,6,607.02
,,,,,,,,NOA-7330,54.96809,,,,,,,,,,,,,,,,,,,,,,,,Patanjali Mouthwash (1kg),Personal Care,7,600.11
,,,,,,,,NOA-7476,41.42259,,,,,,,,,,,,,,,,,,,,,,,,Parle Toothpaste (250g),Personal Care,5,598.15
,,,,,,,,NOA-7494,48.9635,,,,,,,,,,,,,,,,,,,,,,,,Dettol Chicken (2kg),Meat,7,593.53
,,,,,,,,NOA-7844,39.94141,,,,,,,,,,,,,,,,,,,,,,,,Dettol Grapes (250g),Fruits,2,592.74
,,,,,,,,NOA-8431,18.83786,,,,,,,,,,,,,,,,,,,,,,,,Patanjali Pain Relief Gel (500g),Pharma,12,590.28
,,,,,,,,NOA-8661,19.6256,,,,,,,,,,,,,,,,,,,,,,,,Dove Bun (1L),Bakery,9,587.25
,,,,,,,,NOA-9122,27.98223,,,,,,,,,,,,,,,,,,,,,,,,Dove Mutton (250g),Meat,3,582.96
,,,,,,,,NOA-9736,24.33155,,,,,,,,,,,,,,,,,,,,,,,,Amul Body Wash (500g),Bath Essentials,2,582.54
,,,,,,,,PTA-1154,32.47901,,,,,,,,,,,,,,,,,,,,,,,,Patanjali Body Wash (1L),Bath Essentials,13,577.85
,,,,,,,,PTA-1186,21.77685,,,,,,,,,,,,,,,,,,,,,,,,Nescafe Juice (500g),Beverages,2,572.78
,,,,,,,,PTA-1258,11.19973,,,,,,,,,,,,,,,,,,,,,,,,Parle Conditioner (1kg),Bath Essentials,3,571.08
,,,,,,,,PTA-1344,7.81393,,,,,,,,,,,,,,,,,,,,,,,,Lipton Cheese (250g),Dairy,6,561.54
,,,,,,,,PTA-2129,67.71183,,,,,,,,,,,,,,,,,,,,,,,,Haldiram's Onion (500g),Vegetables,3,557.67
,,,,,,,,PTA-2334,31.95652,,,,,,,,,,,,,,,,,,,,,,,,Haldiram's Coffee (2kg),Beverages,2,557.48
,,,,,,,,PTA-2992,31.89964,,,,,,,,,,,,,,,,,,,,,,,,Lays Tea (1kg),Beverages,2,553.76
,,,,,,,,PTA-3113,95.89718,,,,,,,,,,,,,,,,,,,,,,,,Patanjali Deodorant (250g),Personal Care,2,553.24
,,,,,,,,PTA-3181,84.68946,,,,,,,,,,,,,,,,,,,,,,,,Fresh Beef (250g),Meat,4,549.16
,,,,,,,,PTA-3313,6.89006,,,,,,,,,,,,,,,,,,,,,,,,Patanjali Paracetamol (500g),Pharma,2,540.68
,,,,,,,,PTA-3864,24.72579,,,,,,,,,,,,,,,,,,,,,,,,Lays Orange (250g),Fruits,4,537.44
,,,,,,,,PTA-4009,71.81241,,,,,,,,,,,,,,,,,,,,,,,,Aashirvaad 0odles (250g),Packed Foods,3,534.21
,,,,,,,,PTA-4340,50.74157,,,,,,,,,,,,,,,,,,,,,,,,Nescafe Pain Relief Gel (250g),Pharma,8,528.4
,,,,,,,,PTA-4500,37.68161,,,,,,,,,,,,,,,,,,,,,,,,Fresh Nachos (1L),Snacks,14,521.78
,,,,,,,,PTA-4659,20.12967,,,,,,,,,,,,,,,,,,,,,,,,Lipton Barley (2kg),Grains,2,512.9
,,,,,,,,PTA-4822,33.86976,,,,,,,,,,,,,,,,,,,,,,,,Britannia Pulses (2kg),Grains,4,512.12
,,,,,,,,PTA-4914,65.43348,,,,,,,,,,,,,,,,,,,,,,,,Nescafe Coffee (250g),Beverages,7,508.27
,,,,,,,,PTA-5180,5.17509,,,,,,,,,,,,,,,,,,,,,,,,Nestle Croissant (1L),Bakery,7,508.06
,,,,,,,,PTA-5402,13.34186,,,,,,,,,,,,,,,,,,,,,,,,Colgate Mouthwash (500g),Personal Care,2,506.9
,,,,,,,,PTA-5954,50.91197,,,,,,,,,,,,,,,,,,,,,,,,Aashirvaad Pulses (1L),Grains,7,496.37
,,,,,,,,PTA-5990,69.42056,,,,,,,,,,,,,,,,,,,,,,,,Britannia Chips (1kg),Snacks,1,495.58
,,,,,,,,PTA-6010,9.13242,,,,,,,,,,,,,,,,,,,,,,,,Nestle Banana (1kg),Fruits,3,494.64
,,,,,,,,PTA-6041,55.9728,,,,,,,,,,,,,,,,,,,,,,,,Aashirvaad 0odles (1kg),Packed Foods,1,492.88
,,,,,,,,PTA-6110,57.92936,,,,,,,,,,,,,,,,,,,,,,,,Aashirvaad Potato (1L),Vegetables,7,489.23
,,,,,,,,PTA-6690,43.63974,,,,,,,,,,,,,,,,,,,,,,,,Lipton Tea (1kg),Beverages,2,486.14
,,,,,,,,PTA-6820,30.54545,,,,,,,,,,,,,,,,,,,,,,,,Amul Tomato (1kg),Vegetables,12,482.76
,,,,,,,,PTA-6915,30.5692,,,,,,,,,,,,,,,,,,,,,,,,Nescafe Onion (1L),Vegetables,3,482.52
,,,,,,,,PTA-7190,34.32024,,,,,,,,,,,,,,,,,,,,,,,,Amul Cereal (1kg),Packed Foods,1,481.39
,,,,,,,,PTA-7699,69.03479,,,,,,,,,,,,,,,,,,,,,,,,Dettol Bun (2kg),Bakery,4,479.8
,,,,,,,,PTA-8051,24.58791,,,,,,,,,,,,,,,,,,,,,,,,Aashirvaad Rice (1L),Grains,1,477.93
,,,,,,,,PTA-8063,51.34615,,,,,,,,,,,,,,,,,,,,,,,,Daawat Milk (1L),Dairy,7,476
,,,,,,,,PTA-8343,48.69056,,,,,,,,,,,,,,,,,,,,,,,,Fresh 0odles (250g),Packed Foods,11,468.49
,,,,,,,,PTA-8760,45.61014,,,,,,,,,,,,,,,,,,,,,,,,Lipton Gum (1kg),Confectionery,7,468.3
,,,,,,,,PTA-8852,54.09337,,,,,,,,,,,,,,,,,,,,,,,,Daawat Pain Relief Gel (1kg),Pharma,2,465.34
,,,,,,,,PTA-9019,60.71317,,,,,,,,,,,,,,,,,,,,,,,,Patanjali Cake Mix (500g),Desserts,11,462.77
,,,,,,,,PUN-1361,54.14384,,,,,,,,,,,,,,,,,,,,,,,,Cadbury Toothpaste (1kg),Personal Care,8,462.56
,,,,,,,,PUN-1381,22.28852,,,,,,,,,,,,,,,,,,,,,,,,Nescafe Brownie (1L),Desserts,2,458.82
,,,,,,,,PUN-1847,79.49609,,,,,,,,,,,,,,,,,,,,,,,,Amul Chicken (1kg),Meat,5,458.8
,,,,,,,,PUN-1861,44.99776,,,,,,,,,,,,,,,,,,,,,,,,Daawat Fish (250g),Meat,10,457.9
,,,,,,,,PUN-1887,36.83074,,,,,,,,,,,,,,,,,,,,,,,,Lipton Banana (2kg),Fruits,4,457.08
,,,,,,,,PUN-2096,65.13437,,,,,,,,,,,,,,,,,,,,,,,,Lays Coffee (1L),Beverages,2,455.8
,,,,,,,,PUN-3473,29.95553,,,,,,,,,,,,,,,,,,,,,,,,Fresh Pulses (500g),Grains,1,455.74
,,,,,,,,PUN-3687,70.2836,,,,,,,,,,,,,,,,,,,,,,,,Patanjali Soap (2kg),Bath Essentials,13,455.26
,,,,,,,,PUN-3880,34.42706,,,,,,,,,,,,,,,,,,,,,,,,Nestle Deodorant (1kg),Personal Care,3,454.71
,,,,,,,,PUN-3992,44.32624,,,,,,,,,,,,,,,,,,,,,,,,Dove Band-Aid (2kg),Pharma,12,452.4
,,,,,,,,PUN-4299,14.46643,,,,,,,,,,,,,,,,,,,,,,,,Britannia Pork (1L),Meat,1,452.38
,,,,,,,,PUN-4431,4.95429,,,,,,,,,,,,,,,,,,,,,,,,Haldiram's Namkeen (250g),Snacks,4,443.68
,,,,,,,,PUN-4670,35.40714,,,,,,,,,,,,,,,,,,,,,,,,Colgate Beef (500g),Meat,1,441.56
,,,,,,,,PUN-4849,62.48743,,,,,,,,,,,,,,,,,,,,,,,,Dettol Lotion (2kg),Bath Essentials,3,437.91
,,,,,,,,PUN-5031,31.28788,,,,,,,,,,,,,,,,,,,,,,,,Parle Beef (250g),Meat,2,435.88
,,,,,,,,PUN-5240,21.96248,,,,,,,,,,,,,,,,,,,,,,,,Fresh Band-Aid (1L),Pharma,7,427.84
,,,,,,,,PUN-5387,21.97441,,,,,,,,,,,,,,,,,,,,,,,,Daawat Pasta (2kg),Packed Foods,1,424.47
,,,,,,,,PUN-5421,46.51852,,,,,,,,,,,,,,,,,,,,,,,,Fresh Pain Relief Gel (500g),Pharma,3,423.6
,,,,,,,,PUN-5468,25.154,,,,,,,,,,,,,,,,,,,,,,,,Fresh Orange (500g),Fruits,1,416.6
,,,,,,,,PUN-5505,75.97222,,,,,,,,,,,,,,,,,,,,,,,,Parle Butter (1kg),Dairy,2,415.48
,,,,,,,,PUN-5618,51.44695,,,,,,,,,,,,,,,,,,,,,,,,Dove Brownie (500g),Desserts,1,413.44
,,,,,,,,PUN-5862,46.23116,,,,,,,,,,,,,,,,,,,,,,,,Patanjali Cheese (1L),Dairy,3,410.1
,,,,,,,,PUN-6140,31.95425,,,,,,,,,,,,,,,,,,,,,,,,Aashirvaad Brownie (250g),Desserts,14,408.24
,,,,,,,,PUN-6285,13.71406,,,,,,,,,,,,,,,,,,,,,,,,Lays Apple (1L),Fruits,15,399.45
,,,,,,,,PUN-6525,42.07002,,,,,,,,,,,,,,,,,,,,,,,,Parle Coffee (500g),Beverages,1,399.32
,,,,,,,,PUN-6828,35.82888,,,,,,,,,,,,,,,,,,,,,,,,Colgate Body Wash (500g),Bath Essentials,3,399.3
,,,,,,,,PUN-6836,32.51834,,,,,,,,,,,,,,,,,,,,,,,,Fresh Corn (2kg),Grains,1,398.51
,,,,,,,,PUN-7264,38.86479,,,,,,,,,,,,,,,,,,,,,,,,Dettol Bagel (1L),Bakery,4,397.92
,,,,,,,,PUN-7265,26.50421,,,,,,,,,,,,,,,,,,,,,,,,Kwality Walls Cereal (1kg),Packed Foods,12,396.72
,,,,,,,,PUN-7492,55.61674,,,,,,,,,,,,,,,,,,,,,,,,Cadbury Sauce (2kg),Packed Foods,13,395.98
,,,,,,,,PUN-7508,15.08508,,,,,,,,,,,,,,,,,,,,,,,,Parle Ice Cream (2kg),Desserts,7,391.93
,,,,,,,,PUN-7592,70.22446,,,,,,,,,,,,,,,,,,,,,,,,Lays Tea (2kg),Beverages,5,391.5
,,,,,,,,PUN-8222,45.56905,,,,,,,,,,,,,,,,,,,,,,,,Amul Soda (1L),Beverages,4,383.4
,,,,,,,,PUN-8450,28.76841,,,,,,,,,,,,,,,,,,,,,,,,Aashirvaad Mints (1kg),Confectionery,1,379.72
,,,,,,,,PUN-8477,10.44165,,,,,,,,,,,,,,,,,,,,,,,,Dove Custard (1L),Desserts,6,376.56
,,,,,,,,PUN-8527,14.15396,,,,,,,,,,,,,,,,,,,,,,,,Cadbury Cake Mix (500g),Desserts,5,374.1
,,,,,,,,PUN-8640,58.52601,,,,,,,,,,,,,,,,,,,,,,,,Nestle Mutton (2kg),Meat,9,373.5
,,,,,,,,PUN-9408,57.98843,,,,,,,,,,,,,,,,,,,,,,,,Haldiram's Mouthwash (2kg),Personal Care,10,372.3
,,,,,,,,PUN-9433,10.09989,,,,,,,,,,,,,,,,,,,,,,,,Daawat Body Wash (1kg),Bath Essentials,14,371
,,,,,,,,PUN-9722,55.72993,,,,,,,,,,,,,,,,,,,,,,,,Haldiram's Barley (500g),Grains,3,364.41
,,,,,,,,PUN-9739,26.23086,,,,,,,,,,,,,,,,,,,,,,,,Nescafe Toothpaste (1kg),Personal Care,1,363.45
,,,,,,,,PUN-9795,74.80851,,,,,,,,,,,,,,,,,,,,,,,,Aashirvaad Croissant (2kg),Bakery,7,362.46
,,,,,,,,PUN-9893,48.79923,,,,,,,,,,,,,,,,,,,,,,,,Fresh Banana (500g),Fruits,2,362.4
,,,,,,,,RJT-1179,9.49074,,,,,,,,,,,,,,,,,,,,,,,,Amul Conditioner (1kg),Bath Essentials,1,360.19
,,,,,,,,RJT-1323,70.02676,,,,,,,,,,,,,,,,,,,,,,,,Cadbury Chips (1kg),Snacks,5,359.3
,,,,,,,,RJT-1350,50.0575,,,,,,,,,,,,,,,,,,,,,,,,Lays Soap (1kg),Bath Essentials,1,356.48
,,,,,,,,RJT-2181,33.60577,,,,,,,,,,,,,,,,,,,,,,,,Dove Chocolate (250g),Confectionery,9,355.05
,,,,,,,,RJT-2194,51.2172,,,,,,,,,,,,,,,,,,,,,,,,Dettol Ice Cream (1kg),Desserts,4,353.64
,,,,,,,,RJT-2218,4.67431,,,,,,,,,,,,,,,,,,,,,,,,Dettol Face Wash (2kg),Personal Care,2,349.58
,,,,,,,,RJT-2337,92.91378,,,,,,,,,,,,,,,,,,,,,,,,Patanjali Conditioner (250g),Bath Essentials,3,344.49
,,,,,,,,RJT-2962,18.04424,,,,,,,,,,,,,,,,,,,,,,,,Daawat Band-Aid (1kg),Pharma,1,341.93
,,,,,,,,RJT-3185,47.34982,,,,,,,,,,,,,,,,,,,,,,,,Nestle Shampoo (500g),Bath Essentials,2,339.18
,,,,,,,,RJT-3270,22.94043,,,,,,,,,,,,,,,,,,,,,,,,Nescafe Vitamin C (500g),Pharma,1,338.87
,,,,,,,,RJT-3316,70.70313,,,,,,,,,,,,,,,,,,,,,,,,Parle Lotion (2kg),Bath Essentials,1,331.59
,,,,,,,,RJT-3720,13.833,,,,,,,,,,,,,,,,,,,,,,,,Fresh Energy Drink (1kg),Beverages,8,324.16
,,,,,,,,RJT-3734,6.83112,,,,,,,,,,,,,,,,,,,,,,,,Daawat Orange (1L),Fruits,1,322.11
,,,,,,,,RJT-3833,52.69513,,,,,,,,,,,,,,,,,,,,,,,,Daawat Potato (250g),Vegetables,2,321.58
,,,,,,,,RJT-3867,56.21246,,,,,,,,,,,,,,,,,,,,,,,,Parle Paneer (2kg),Dairy,6,314.34
,,,,,,,,RJT-4011,39.43299,,,,,,,,,,,,,,,,,,,,,,,,Fresh Gum (1kg),Confectionery,1,306.58
,,,,,,,,RJT-4050,19.30502,,,,,,,,,,,,,,,,,,,,,,,,Fresh Banana (250g),Fruits,1,301.34
,,,,,,,,RJT-4133,53.15086,,,,,,,,,,,,,,,,,,,,,,,,Aashirvaad Soup (500g),Packed Foods,2,296.3
,,,,,,,,RJT-4154,57.77574,,,,,,,,,,,,,,,,,,,,,,,,Lipton Body Wash (500g),Bath Essentials,9,295.83
,,,,,,,,RJT-4170,58.18051,,,,,,,,,,,,,,,,,,,,,,,,Patanjali Bun (1L),Bakery,1,287.56
,,,,,,,,RJT-4299,39.95083,,,,,,,,,,,,,,,,,,,,,,,,Britannia 0odles (2kg),Packed Foods,4,284.56
,,,,,,,,RJT-4347,27.40014,,,,,,,,,,,,,,,,,,,,,,,,Nestle Toothpaste (2kg),Personal Care,2,283.54
,,,,,,,,RJT-4470,37.0715,,,,,,,,,,,,,,,,,,,,,,,,Cadbury Apple (2kg),Fruits,1,283.29
,,,,,,,,RJT-4640,53.98101,,,,,,,,,,,,,,,,,,,,,,,,Colgate Energy Drink (1kg),Beverages,4,281.72
,,,,,,,,RJT-4721,24.01347,,,,,,,,,,,,,,,,,,,,,,,,Dettol Namkeen (2kg),Snacks,2,281.54
,,,,,,,,RJT-4826,44.20184,,,,,,,,,,,,,,,,,,,,,,,,Lays Body Wash (250g),Bath Essentials,2,279.52
,,,,,,,,RJT-4877,28.85808,,,,,,,,,,,,,,,,,,,,,,,,Nestle Mouthwash (250g),Personal Care,2,277.5
,,,,,,,,RJT-4895,46.65801,,,,,,,,,,,,,,,,,,,,,,,,Kwality Walls Banana (1L),Fruits,1,272.52
,,,,,,,,RJT-5230,37.46032,,,,,,,,,,,,,,,,,,,,,,,,Lays Mango (2kg),Fruits,1,257.69
,,,,,,,,RJT-5341,21.35503,,,,,,,,,,,,,,,,,,,,,,,,Daawat Antacid (500g),Pharma,1,257
,,,,,,,,RJT-5472,18.93543,,,,,,,,,,,,,,,,,,,,,,,,Lays Conditioner (250g),Bath Essentials,8,251.44
,,,,,,,,RJT-5640,55.18853,,,,,,,,,,,,,,,,,,,,,,,,Amul Toothpaste (1kg),Personal Care,2,242.78
,,,,,,,,RJT-5875,70.3977,,,,,,,,,,,,,,,,,,,,,,,,Nescafe Cereal (1L),Packed Foods,1,239.41
,,,,,,,,RJT-5949,13.20072,,,,,,,,,,,,,,,,,,,,,,,,Nestle 0odles (1kg),Packed Foods,11,236.94
,,,,,,,,RJT-6456,68.85841,,,,,,,,,,,,,,,,,,,,,,,,Dettol Wheat Flour (2kg),Grains,7,232.54
,,,,,,,,RJT-6476,39.0583,,,,,,,,,,,,,,,,,,,,,,,,Dettol Band-Aid (500g),Pharma,1,230.99
,,,,,,,,RJT-6780,7.12996,,,,,,,,,,,,,,,,,,,,,,,,Fresh Lotion (2kg),Bath Essentials,1,227.14
,,,,,,,,RJT-7025,38.0774,,,,,,,,,,,,,,,,,,,,,,,,Colgate Soap (1L),Bath Essentials,7,220.78
,,,,,,,,RJT-7406,20.81996,,,,,,,,,,,,,,,,,,,,,,,,Parle 0odles (1L),Packed Foods,1,218.29
,,,,,,,,RJT-7916,14.62912,,,,,,,,,,,,,,,,,,,,,,,,Cadbury Antacid (1L),Pharma,2,213.14
,,,,,,,,RJT-7962,27.61628,,,,,,,,,,,,,,,,,,,,,,,,Fresh Carrot (1L),Vegetables,3,207.45
,,,,,,,,RJT-8190,48.16198,,,,,,,,,,,,,,,,,,,,,,,,Parle Coffee (1L),Beverages,1,204.98
,,,,,,,,RJT-8392,10.64926,,,,,,,,,,,,,,,,,,,,,,,,Dove Popcorn (1kg),Snacks,1,201.49
,,,,,,,,RJT-8588,21.35603,,,,,,,,,,,,,,,,,,,,,,,,Daawat Croissant (2kg),Bakery,2,201.26
,,,,,,,,RJT-8783,25.92096,,,,,,,,,,,,,,,,,,,,,,,,Colgate Antacid (500g),Pharma,1,200.19
,,,,,,,,RJT-890,89.9203,,,,,,,,,,,,,,,,,,,,,,,,Nescafe Deodorant (500g),Personal Care,5,197.4
,,,,,,,,RJT-8998,38.53806,,,,,,,,,,,,,,,,,,,,,,,,Lipton Orange (2kg),Fruits,2,195.46
,,,,,,,,RJT-9130,19.39525,,,,,,,,,,,,,,,,,,,,,,,,Patanjali Cheese (1kg),Dairy,5,192.2
,,,,,,,,RJT-9378,39.07355,,,,,,,,,,,,,,,,,,,,,,,,Parle Soap (1L),Bath Essentials,1,189.76
,,,,,,,,RJT-9736,7.95073,,,,,,,,,,,,,,,,,,,,,,,,Aashirvaad Tea (500g),Beverages,2,189.44
,,,,,,,,SRT-1040,70.20045,,,,,,,,,,,,,,,,,,,,,,,,Nestle Onion (1kg),Vegetables,6,187.5
,,,,,,,,SRT-1120,38.59256,,,,,,,,,,,,,,,,,,,,,,,,Haldiram's Gum (2kg),Confectionery,2,186.38
,,,,,,,,SRT-1249,40.94156,,,,,,,,,,,,,,,,,,,,,,,,Amul Namkeen (1kg),Snacks,1,184.99
,,,,,,,,SRT-1433,39.98262,,,,,,,,,,,,,,,,,,,,,,,,Aashirvaad Tea (1L),Beverages,6,183.36
,,,,,,,,SRT-1806,81.09409,,,,,,,,,,,,,,,,,,,,,,,,Patanjali Juice (500g),Beverages,1,176.97
,,,,,,,,SRT-1927,7.21472,,,,,,,,,,,,,,,,,,,,,,,,Lipton Paracetamol (250g),Pharma,7,170.66
,,,,,,,,SRT-1945,22.89812,,,,,,,,,,,,,,,,,,,,,,,,Parle Brownie (1kg),Desserts,5,168.05
,,,,,,,,SRT-1961,28.49864,,,,,,,,,,,,,,,,,,,,,,,,Britannia Yogurt (2kg),Dairy,4,163.28
,,,,,,,,SRT-2467,16.23198,,,,,,,,,,,,,,,,,,,,,,,,Patanjali Croissant (500g),Bakery,1,161.91
,,,,,,,,SRT-2568,20.36892,,,,,,,,,,,,,,,,,,,,,,,,Fresh Toothpaste (1L),Personal Care,1,156.49
,,,,,,,,SRT-3269,20.09267,,,,,,,,,,,,,,,,,,,,,,,,Nestle Chocolate (1kg),Confectionery,1,149.68
,,,,,,,,SRT-3742,33.66109,,,,,,,,,,,,,,,,,,,,,,,,Colgate Mouthwash (1L),Personal Care,2,142.1
,,,,,,,,SRT-3855,68.91419,,,,,,,,,,,,,,,,,,,,,,,,Lipton Custard (1L),Desserts,1,138.19
,,,,,,,,SRT-3986,25.53891,,,,,,,,,,,,,,,,,,,,,,,,Colgate Yogurt (2kg),Dairy,3,136.71
,,,,,,,,SRT-4007,28.40623,,,,,,,,,,,,,,,,,,,,,,,,Fresh Gum (250g),Confectionery,1,130.86
,,,,,,,,SRT-4098,31.78473,,,,,,,,,,,,,,,,,,,,,,,,Parle Sauce (1L),Packed Foods,2,128.84
,,,,,,,,SRT-4247,27.86527,,,,,,,,,,,,,,,,,,,,,,,,Lipton Cake (250g),Bakery,1,126.17
,,,,,,,,SRT-4392,11.28617,,,,,,,,,,,,,,,,,,,,,,,,Fresh Apple (500g),Fruits,1,119.43
,,,,,,,,SRT-5795,57.53634,,,,,,,,,,,,,,,,,,,,,,,,Parle Pudding (1L),Desserts,5,118
,,,,,,,,SRT-5876,59.37619,,,,,,,,,,,,,,,,,,,,,,,,Daawat Orange (250g),Fruits,2,117.9
,,,,,,,,SRT-6215,20.80537,,,,,,,,,,,,,,,,,,,,,,,,Colgate Grapes (1kg),Fruits,1,117.5
,,,,,,,,SRT-6434,61.29167,,,,,,,,,,,,,,,,,,,,,,,,Amul Nachos (250g),Snacks,3,115.05
,,,,,,,,SRT-6515,75.52239,,,,,,,,,,,,,,,,,,,,,,,,Colgate Ice Cream (1kg),Desserts,2,112.26
,,,,,,,,SRT-660,24.31078,,,,,,,,,,,,,,,,,,,,,,,,Dove Potato (1kg),Vegetables,4,107.6
,,,,,,,,SRT-7184,59.77593,,,,,,,,,,,,,,,,,,,,,,,,Kwality Walls Mutton (2kg),Meat,2,102.76
,,,,,,,,SRT-7538,53.28709,,,,,,,,,,,,,,,,,,,,,,,,Nestle Carrot (250g),Vegetables,1,96.42
,,,,,,,,SRT-7816,11.97,,,,,,,,,,,,,,,,,,,,,,,,Dettol Rice (1L),Grains,1,95.82
,,,,,,,,SRT-8090,34.69101,,,,,,,,,,,,,,,,,,,,,,,,Patanjali Juice (1L),Beverages,2,95.72
,,,,,,,,SRT-8209,22.68589,,,,,,,,,,,,,,,,,,,,,,,,Fresh Lotion (1L),Bath Essentials,2,95.7
,,,,,,,,SRT-8213,47.61165,,,,,,,,,,,,,,,,,,,,,,,,Amul Mango (500g),Fruits,1,90.76
,,,,,,,,SRT-8240,25.14322,,,,,,,,,,,,,,,,,,,,,,,,Britannia Antacid (500g),Pharma,2,88.76
,,,,,,,,SRT-8302,4.69429,,,,,,,,,,,,,,,,,,,,,,,,Nestle Pudding (1L),Desserts,1,83.39
,,,,,,,,SRT-8305,48.06397,,,,,,,,,,,,,,,,,,,,,,,,Nescafe 0odles (250g),Packed Foods,1,82.56
,,,,,,,,SRT-8401,66.92015,,,,,,,,,,,,,,,,,,,,,,,,Nestle Ice Cream (250g),Desserts,2,82.28
,,,,,,,,SRT-8533,42.87454,,,,,,,,,,,,,,,,,,,,,,,,Nestle Biscuits (2kg),Snacks,1,79.31
,,,,,,,,SRT-8567,15.03656,,,,,,,,,,,,,,,,,,,,,,,,Haldiram's Custard (1kg),Desserts,2,77.36
,,,,,,,,SRT-8812,64.55598,,,,,,,,,,,,,,,,,,,,,,,,Cadbury Croissant (2kg),Bakery,2,77.26
,,,,,,,,SRT-8843,82.23081,,,,,,,,,,,,,,,,,,,,,,,,Amul Cereal (500g),Packed Foods,1,74.38
,,,,,,,,SRT-8930,17.71429,,,,,,,,,,,,,,,,,,,,,,,,Dove Pudding (1L),Desserts,1,72.76
,,,,,,,,SRT-9146,41.37336,,,,,,,,,,,,,,,,,,,,,,,,Parle Cereal (1kg),Packed Foods,1,71.89
,,,,,,,,SRT-9190,79.08643,,,,,,,,,,,,,,,,,,,,,,,,Aashirvaad Apple (1L),Fruits,2,71.88
,,,,,,,,SRT-9501,46.94036,,,,,,,,,,,,,,,,,,,,,,,,Amul Sauce (1L),Packed Foods,3,70.59
,,,,,,,,SRT-9810,66.99762,,,,,,,,,,,,,,,,,,,,,,,,Colgate Corn (250g),Grains,1,58.87
,,,,,,,,THE-1260,36.16321,,,,,,,,,,,,,,,,,,,,,,,,Kwality Walls Soap (1L),Bath Essentials,1,46.64
,,,,,,,,THE-1846,61.87443,,,,,,,,,,,,,,,,,,,,,,,,Daawat Soda (500g),Beverages,1,24.65
,,,,,,,,THE-2106,89.34659,,,,,,,,,,,,,,,,,,,,,,,,Fresh Popcorn (500g),Snacks,1,22.52
,,,,,,,,THE-2272,80.68689,,,,,,,,,,,,,,,,,,,,,,,,,,,
,,,,,,,,THE-2388,52.45847,,,,,,,,,,,,,,,,,,,,,,,,,,,
,,,,,,,,THE-2414,72.35556,,,,,,,,,,,,,,,,,,,,,,,,,,,
,,,,,,,,THE-2640,70.76309,,,,,,,,,,,,,,,,,,,,,,,,,,,
,,,,,,,,THE-2691,71.96226,,,,,,,,,,,,,,,,,,,,,,,,,,,
,,,,,,,,THE-2880,62.83784,,,,,,,,,,,,,,,,,,,,,,,,,,,
,,,,,,,,THE-3002,83.64349,,,,,,,,,,,,,,,,,,,,,,,,,,,
,,,,,,,,THE-3754,32.47519,,,,,,,,,,,,,,,,,,,,,,,,,,,
,,,,,,,,THE-3761,23.15971,,,,,,,,,,,,,,,,,,,,,,,,,,,
,,,,,,,,THE-3820,13.57684,,,,,,,,,,,,,,,,,,,,,,,,,,,
,,,,,,,,THE-3860,48.20187,,,,,,,,,,,,,,,,,,,,,,,,,,,
,,,,,,,,THE-4085,38.52191,,,,,,,,,,,,,,,,,,,,,,,,,,,
,,,,,,,,THE-4195,15.9322,,,,,,,,,,,,,,,,,,,,,,,,,,,
,,,,,,,,THE-4309,67.50462,,,,,,,,,,,,,,,,,,,,,,,,,,,
,,,,,,,,THE-4706,61.98099,,,,,,,,,,,,,,,,,,,,,,,,,,,
,,,,,,,,THE-5158,59.64126,,,,,,,,,,,,,,,,,,,,,,,,,,,
,,,,,,,,THE-5298,78.72754,,,,,,,,,,,,,,,,,,,,,,,,,,,
,,,,,,,,THE-5420,53.43885,,,,,,,,,,,,,,,,,,,,,,,,,,,
,,,,,,,,THE-5506,35.14467,,,,,,,,,,,,,,,,,,,,,,,,,,,
,,,,,,,,THE-6165,45.17016,,,,,,,,,,,,,,,,,,,,,,,,,,,
,,,,,,,,THE-6232,53.03761,,,,,,,,,,,,,,,,,,,,,,,,,,,
,,,,,,,,THE-6273,17.96951,,,,,,,,,,,,,,,,,,,,,,,,,,,
,,,,,,,,THE-6344,40.27604,,,,,,,,,,,,,,,,,,,,,,,,,,,
,,,,,,,,THE-6414,60.74991,,,,,,,,,,,,,,,,,,,,,,,,,,,
,,,,,,,,THE-6702,16.61949,,,,,,,,,,,,,,,,,,,,,,,,,,,
,,,,,,,,THE-7294,51.26243,,,,,,,,,,,,,,,,,,,,,,,,,,,
,,,,,,,,THE-7530,11.92024,,,,,,,,,,,,,,,,,,,,,,,,,,,
,,,,,,,,THE-7650,45.38362,,,,,,,,,,,,,,,,,,,,,,,,,,,
,,,,,,,,THE-7970,52.31343,,,,,,,,,,,,,,,,,,,,,,,,,,,
,,,,,,,,THE-8301,56.15293,,,,,,,,,,,,,,,,,,,,,,,,,,,
,,,,,,,,THE-8360,16.21155,,,,,,,,,,,,,,,,,,,,,,,,,,,
,,,,,,,,THE-8403,32.79245,,,,,,,,,,,,,,,,,,,,,,,,,,,
,,,,,,,,THE-8409,72.16295,,,,,,,,,,,,,,,,,,,,,,,,,,,
,,,,,,,,THE-9401,66.12466,,,,,,,,,,,,,,,,,,,,,,,,,,,
,,,,,,,,THE-9606,71.34193,,,,,,,,,,,,,,,,,,,,,,,,,,,
,,,,,,,,THE-9620,33.42412,,,,,,,,,,,,,,,,,,,,,,,,,,,
,,,,,,,,THE-9780,46.36852,,,,,,,,,,,,,,,,,,,,,,,,,,,
,,,,,,,,VNI-1133,35.18237,,,,,,,,,,,,,,,,,,,,,,,,,,,
,,,,,,,,VNI-1219,61.09409,,,,,,,,,,,,,,,,,,,,,,,,,,,
,,,,,,,,VNI-1340,28.7391,,,,,,,,,,,,,,,,,,,,,,,,,,,
,,,,,,,,VNI-1496,33.94886,,,,,,,,,,,,,,,,,,,,,,,,,,,
,,,,,,,,VNI-2265,56.93084,,,,,,,,,,,,,,,,,,,,,,,,,,,
,,,,,,,,VNI-2330,6.44227,,,,,,,,,,,,,,,,,,,,,,,,,,,
,,,,,,,,VNI-2695,58.32921,,,,,,,,,,,,,,,,,,,,,,,,,,,
,,,,,,,,VNI-2781,37.02008,,,,,,,,,,,,,,,,,,,,,,,,,,,
,,,,,,,,VNI-3478,19.77587,,,,,,,,,,,,,,,,,,,,,,,,,,,
,,,,,,,,VNI-3672,45.75008,,,,,,,,,,,,,,,,,,,,,,,,,,,
,,,,,,,,VNI-3848,10.13874,,,,,,,,,,,,,,,,,,,,,,,,,,,
,,,,,,,,VNI-3983,44.21199,,,,,,,,,,,,,,,,,,,,,,,,,,,
,,,,,,,,VNI-4068,22.36635,,,,,,,,,,,,,,,,,,,,,,,,,,,
,,,,,,,,VNI-4428,54.13043,,,,,,,,,,,,,,,,,,,,,,,,,,,
,,,,,,,,VNI-4680,27.73817,,,,,,,,,,,,,,,,,,,,,,,,,,,
,,,,,,,,VNI-4800,79.18534,,,,,,,,,,,,,,,,,,,,,,,,,,,
,,,,,,,,VNI-4935,80.83957,,,,,,,,,,,,,,,,,,,,,,,,,,,
,,,,,,,,VNI-5308,44.13161,,,,,,,,,,,,,,,,,,,,,,,,,,,
,,,,,,,,VNI-5619,24.31391,,,,,,,,,,,,,,,,,,,,,,,,,,,
,,,,,,,,VNI-5634,27.28395,,,,,,,,,,,,,,,,,,,,,,,,,,,
,,,,,,,,VNI-580,65.79954,,,,,,,,,,,,,,,,,,,,,,,,,,,
,,,,,,,,VNI-5827,33.47522,,,,,,,,,,,,,,,,,,,,,,,,,,,
,,,,,,,,VNI-5840,37.69537,,,,,,,,,,,,,,,,,,,,,,,,,,,
,,,,,,,,VNI-5977,21.88412,,,,,,,,,,,,,,,,,,,,,,,,,,,
,,,,,,,,VNI-6199,46.6094,,,,,,,,,,,,,,,,,,,,,,,,,,,
,,,,,,,,VNI-6438,5.38284,,,,,,,,,,,,,,,,,,,,,,,,,,,
,,,,,,,,VNI-6605,35.51581,,,,,,,,,,,,,,,,,,,,,,,,,,,
,,,,,,,,VNI-6717,40.34937,,,,,,,,,,,,,,,,,,,,,,,,,,,
,,,,,,,,VNI-6770,14.78942,,,,,,,,,,,,,,,,,,,,,,,,,,,
,,,,,,,,VNI-7012,48.58878,,,,,,,,,,,,,,,,,,,,,,,,,,,
,,,,,,,,VNI-7046,32.24756,,,,,,,,,,,,,,,,,,,,,,,,,,,
,,,,,,,,VNI-7083,43.23232,,,,,,,,,,,,,,,,,,,,,,,,,,,
,,,,,,,,VNI-7115,19.74756,,,,,,,,,,,,,,,,,,,,,,,,,,,
,,,,,,,,VNI-7280,23.20966,,,,,,,,,,,,,,,,,,,,,,,,,,,
,,,,,,,,VNI-7304,19.36771,,,,,,,,,,,,,,,,,,,,,,,,,,,
,,,,,,,,VNI-7350,16.82623,,,,,,,,,,,,,,,,,,,,,,,,,,,
,,,,,,,,VNI-7531,44.75086,,,,,,,,,,,,,,,,,,,,,,,,,,,
,,,,,,,,VNI-7577,37.82288,,,,,,,,,,,,,,,,,,,,,,,,,,,
,,,,,,,,VNI-7774,36.79542,,,,,,,,,,,,,,,,,,,,,,,,,,,
,,,,,,,,VNI-8167,13.32479,,,,,,,,,,,,,,,,,,,,,,,,,,,
,,,,,,,,VNI-8296,64.13481,,,,,,,,,,,,,,,,,,,,,,,,,,,
,,,,,,,,VNI-8298,66.34214,,,,,,,,,,,,,,,,,,,,,,,,,,,
,,,,,,,,VNI-8619,61.32305,,,,,,,,,,,,,,,,,,,,,,,,,,,
,,,,,,,,VNI-8702,64.74664,,,,,,,,,,,,,,,,,,,,,,,,,,,
,,,,,,,,VNI-8799,51.07692,,,,,,,,,,,,,,,,,,,,,,,,,,,
,,,,,,,,VNI-8852,50.19608,,,,,,,,,,,,,,,,,,,,,,,,,,,
,,,,,,,,VNI-9056,33.63229,,,,,,,,,,,,,,,,,,,,,,,,,,,
,,,,,,,,VNI-9375,39.56781,,,,,,,,,,,,,,,,,,,,,,,,,,,
,,,,,,,,VNI-9580,25.58211,,,,,,,,,,,,,,,,,,,,,,,,,,,
,,,,,,,,VNI-9600,44.68163,,,,,,,,,,,,,,,,,,,,,,,,,,,
,,,,,,,,VNI-9607,32.29595,,,,,,,,,,,,,,,,,,,,,,,,,,,